,Atividade
4550,5_STANDING
1612,2_WALKING_UPSTAIRS
152,2_WALKING_UPSTAIRS
6957,2_WALKING_UPSTAIRS
5981,1_WALKING
3790,2_WALKING_UPSTAIRS
7183,5_STANDING
4099,6_LAYING
893,4_SITTING
2788,6_LAYING
25,5_STANDING
2685,2_WALKING_UPSTAIRS
5974,6_LAYING
5980,1_WALKING
2935,4_SITTING
6528,6_LAYING
702,5_STANDING
4453,6_LAYING
2719,5_STANDING
4650,1_WALKING
2103,4_SITTING
1298,2_WALKING_UPSTAIRS
5264,2_WALKING_UPSTAIRS
402,4_SITTING
5522,4_SITTING
2418,4_SITTING
1262,1_WALKING
5295,5_STANDING
5722,4_SITTING
6645,5_STANDING
2315,1_WALKING
1595,3_WALKING_DOWNSTAIRS
5593,1_WALKING
6993,5_STANDING
275,1_WALKING
688,5_STANDING
832,2_WALKING_UPSTAIRS
5848,2_WALKING_UPSTAIRS
242,6_LAYING
189,5_STANDING
3341,6_LAYING
6680,4_SITTING
7131,2_WALKING_UPSTAIRS
4353,2_WALKING_UPSTAIRS
1847,1_WALKING
5686,5_STANDING
4338,3_WALKING_DOWNSTAIRS
943,1_WALKING
7189,5_STANDING
1050,6_LAYING
6050,2_WALKING_UPSTAIRS
6792,2_WALKING_UPSTAIRS
6130,6_LAYING
6309,4_SITTING
6345,6_LAYING
3458,5_STANDING
585,6_LAYING
4825,1_WALKING
6881,6_LAYING
4125,1_WALKING
7235,6_LAYING
1711,1_WALKING
4313,1_WALKING
4238,4_SITTING
4418,4_SITTING
6316,4_SITTING
5430,3_WALKING_DOWNSTAIRS
4645,1_WALKING
5424,3_WALKING_DOWNSTAIRS
4378,5_STANDING
5518,4_SITTING
2887,5_STANDING
4407,4_SITTING
6752,3_WALKING_DOWNSTAIRS
225,4_SITTING
3041,2_WALKING_UPSTAIRS
3389,2_WALKING_UPSTAIRS
7307,3_WALKING_DOWNSTAIRS
2003,1_WALKING
4739,4_SITTING
2100,4_SITTING
6080,5_STANDING
2951,6_LAYING
5350,6_LAYING
3910,1_WALKING
1232,6_LAYING
2161,1_WALKING
5566,6_LAYING
4579,4_SITTING
7009,4_SITTING
4613,6_LAYING
6046,2_WALKING_UPSTAIRS
2791,6_LAYING
6191,1_WALKING
3990,5_STANDING
1597,3_WALKING_DOWNSTAIRS
973,2_WALKING_UPSTAIRS
5611,1_WALKING
3213,2_WALKING_UPSTAIRS
5302,5_STANDING
4848,3_WALKING_DOWNSTAIRS
1410,1_WALKING
3906,1_WALKING
1905,5_STANDING
462,1_WALKING
7341,2_WALKING_UPSTAIRS
4118,1_WALKING
635,1_WALKING
3435,5_STANDING
783,1_WALKING
3279,5_STANDING
823,2_WALKING_UPSTAIRS
739,6_LAYING
794,1_WALKING
2872,5_STANDING
5689,5_STANDING
1105,1_WALKING
2716,5_STANDING
7033,6_LAYING
2225,5_STANDING
3169,1_WALKING
4290,6_LAYING
7313,3_WALKING_DOWNSTAIRS
4471,6_LAYING
3901,6_LAYING
3343,6_LAYING
6653,5_STANDING
762,6_LAYING
2159,1_WALKING
1832,6_LAYING
1458,2_WALKING_UPSTAIRS
5872,5_STANDING
2721,5_STANDING
7303,3_WALKING_DOWNSTAIRS
2901,5_STANDING
3479,4_SITTING
2594,4_SITTING
1774,5_STANDING
2822,1_WALKING
5023,3_WALKING_DOWNSTAIRS
3791,2_WALKING_UPSTAIRS
4095,6_LAYING
2904,5_STANDING
7339,2_WALKING_UPSTAIRS
186,5_STANDING
6351,6_LAYING
91,1_WALKING
5217,3_WALKING_DOWNSTAIRS
2970,6_LAYING
669,2_WALKING_UPSTAIRS
3543,1_WALKING
1065,6_LAYING
3681,4_SITTING
6096,4_SITTING
5535,4_SITTING
2998,1_WALKING
7022,4_SITTING
3179,1_WALKING
3227,2_WALKING_UPSTAIRS
4177,5_STANDING
5397,1_WALKING
1237,6_LAYING
3485,4_SITTING
6838,4_SITTING
4932,4_SITTING
4516,2_WALKING_UPSTAIRS
4005,5_STANDING
597,6_LAYING
2550,5_STANDING
6078,5_STANDING
3789,2_WALKING_UPSTAIRS
1530,6_LAYING
3840,4_SITTING
178,5_STANDING
3693,6_LAYING
758,6_LAYING
4300,6_LAYING
4261,6_LAYING
2244,5_STANDING
4643,1_WALKING
4682,2_WALKING_UPSTAIRS
5386,1_WALKING
5588,6_LAYING
580,6_LAYING
1016,5_STANDING
4800,1_WALKING
3637,5_STANDING
5008,1_WALKING
2405,5_STANDING
7023,4_SITTING
6193,1_WALKING
3489,4_SITTING
2915,4_SITTING
3331,6_LAYING
1258,1_WALKING
4124,1_WALKING
6069,5_STANDING
3473,4_SITTING
2239,5_STANDING
3246,5_STANDING
5818,3_WALKING_DOWNSTAIRS
6551,6_LAYING
4143,2_WALKING_UPSTAIRS
1623,5_STANDING
238,6_LAYING
6722,6_LAYING
6728,1_WALKING
3056,5_STANDING
5182,1_WALKING
1207,4_SITTING
4245,4_SITTING
1634,5_STANDING
4520,2_WALKING_UPSTAIRS
7340,2_WALKING_UPSTAIRS
3446,5_STANDING
3585,2_WALKING_UPSTAIRS
111,1_WALKING
2624,6_LAYING
5629,3_WALKING_DOWNSTAIRS
7309,3_WALKING_DOWNSTAIRS
3110,4_SITTING
676,2_WALKING_UPSTAIRS
2428,4_SITTING
6815,5_STANDING
6361,6_LAYING
670,2_WALKING_UPSTAIRS
5623,3_WALKING_DOWNSTAIRS
5057,2_WALKING_UPSTAIRS
7095,1_WALKING
6544,6_LAYING
5505,5_STANDING
4642,1_WALKING
5991,1_WALKING
7050,6_LAYING
3387,3_WALKING_DOWNSTAIRS
232,4_SITTING
1282,3_WALKING_DOWNSTAIRS
1520,4_SITTING
5763,6_LAYING
4325,1_WALKING
5362,6_LAYING
6971,5_STANDING
4169,2_WALKING_UPSTAIRS
5561,6_LAYING
6474,5_STANDING
389,4_SITTING
345,3_WALKING_DOWNSTAIRS
3337,6_LAYING
3401,3_WALKING_DOWNSTAIRS
6245,5_STANDING
6210,3_WALKING_DOWNSTAIRS
6314,4_SITTING
546,5_STANDING
4664,3_WALKING_DOWNSTAIRS
3009,3_WALKING_DOWNSTAIRS
4111,1_WALKING
4547,5_STANDING
3201,3_WALKING_DOWNSTAIRS
5554,4_SITTING
3972,5_STANDING
7170,5_STANDING
2736,4_SITTING
4994,1_WALKING
4638,1_WALKING
6785,2_WALKING_UPSTAIRS
4202,5_STANDING
5,5_STANDING
4699,5_STANDING
5069,5_STANDING
1885,2_WALKING_UPSTAIRS
5219,3_WALKING_DOWNSTAIRS
6685,6_LAYING
7195,5_STANDING
480,3_WALKING_DOWNSTAIRS
1228,6_LAYING
5827,3_WALKING_DOWNSTAIRS
678,2_WALKING_UPSTAIRS
3654,4_SITTING
2801,1_WALKING
3583,2_WALKING_UPSTAIRS
2524,2_WALKING_UPSTAIRS
4401,5_STANDING
1849,1_WALKING
3439,5_STANDING
6023,3_WALKING_DOWNSTAIRS
4991,1_WALKING
472,3_WALKING_DOWNSTAIRS
5868,5_STANDING
837,2_WALKING_UPSTAIRS
5603,1_WALKING
5519,4_SITTING
2212,2_WALKING_UPSTAIRS
869,5_STANDING
6062,5_STANDING
3955,3_WALKING_DOWNSTAIRS
5795,1_WALKING
4340,3_WALKING_DOWNSTAIRS
1909,5_STANDING
6123,4_SITTING
6859,4_SITTING
4915,4_SITTING
4600,6_LAYING
3533,1_WALKING
517,2_WALKING_UPSTAIRS
2170,3_WALKING_DOWNSTAIRS
1793,4_SITTING
2959,6_LAYING
5141,6_LAYING
5103,4_SITTING
6027,2_WALKING_UPSTAIRS
4898,5_STANDING
2896,5_STANDING
3781,3_WALKING_DOWNSTAIRS
6952,2_WALKING_UPSTAIRS
6607,2_WALKING_UPSTAIRS
6910,1_WALKING
5757,6_LAYING
4041,4_SITTING
3689,6_LAYING
1833,6_LAYING
4627,6_LAYING
6856,4_SITTING
1138,2_WALKING_UPSTAIRS
4120,1_WALKING
964,3_WALKING_DOWNSTAIRS
5079,5_STANDING
7314,3_WALKING_DOWNSTAIRS
2493,1_WALKING
4455,6_LAYING
3869,6_LAYING
952,3_WALKING_DOWNSTAIRS
1479,5_STANDING
3660,4_SITTING
3574,2_WALKING_UPSTAIRS
4040,4_SITTING
2711,5_STANDING
2512,3_WALKING_DOWNSTAIRS
3312,4_SITTING
1983,1_WALKING
5511,5_STANDING
1611,2_WALKING_UPSTAIRS
3172,1_WALKING
6512,4_SITTING
1076,6_LAYING
4782,6_LAYING
3475,4_SITTING
3993,5_STANDING
2087,4_SITTING
6388,1_WALKING
723,4_SITTING
2101,4_SITTING
2025,3_WALKING_DOWNSTAIRS
632,1_WALKING
7300,3_WALKING_DOWNSTAIRS
4892,5_STANDING
857,5_STANDING
5920,4_SITTING
3486,4_SITTING
1404,1_WALKING
447,1_WALKING
1427,3_WALKING_DOWNSTAIRS
6341,6_LAYING
663,2_WALKING_UPSTAIRS
3600,3_WALKING_DOWNSTAIRS
4888,5_STANDING
5383,1_WALKING
689,5_STANDING
4783,6_LAYING
1398,1_WALKING
2553,5_STANDING
6223,2_WALKING_UPSTAIRS
6729,1_WALKING
5956,6_LAYING
197,5_STANDING
1424,1_WALKING
2139,1_WALKING
836,2_WALKING_UPSTAIRS
2563,5_STANDING
4114,1_WALKING
3599,3_WALKING_DOWNSTAIRS
4941,4_SITTING
802,3_WALKING_DOWNSTAIRS
803,3_WALKING_DOWNSTAIRS
5038,3_WALKING_DOWNSTAIRS
1197,4_SITTING
4596,4_SITTING
4350,2_WALKING_UPSTAIRS
4183,5_STANDING
4094,6_LAYING
6697,6_LAYING
7045,6_LAYING
2469,1_WALKING
2269,4_SITTING
2270,4_SITTING
2294,6_LAYING
2521,2_WALKING_UPSTAIRS
7020,4_SITTING
4076,6_LAYING
1202,4_SITTING
4311,1_WALKING
171,2_WALKING_UPSTAIRS
1843,1_WALKING
3566,3_WALKING_DOWNSTAIRS
1275,3_WALKING_DOWNSTAIRS
2175,3_WALKING_DOWNSTAIRS
2378,2_WALKING_UPSTAIRS
230,4_SITTING
2487,1_WALKING
6900,1_WALKING
4151,2_WALKING_UPSTAIRS
6911,1_WALKING
1700,1_WALKING
4373,5_STANDING
6412,2_WALKING_UPSTAIRS
845,2_WALKING_UPSTAIRS
2437,4_SITTING
4420,4_SITTING
1704,1_WALKING
908,6_LAYING
1907,5_STANDING
1755,2_WALKING_UPSTAIRS
1891,2_WALKING_UPSTAIRS
3675,4_SITTING
6136,6_LAYING
2543,5_STANDING
4427,4_SITTING
6440,2_WALKING_UPSTAIRS
3830,4_SITTING
6362,6_LAYING
2589,4_SITTING
4207,5_STANDING
2498,3_WALKING_DOWNSTAIRS
1603,2_WALKING_UPSTAIRS
6796,2_WALKING_UPSTAIRS
4102,1_WALKING
5810,1_WALKING
625,1_WALKING
2653,1_WALKING
2894,5_STANDING
6278,5_STANDING
2669,3_WALKING_DOWNSTAIRS
81,1_WALKING
5917,4_SITTING
5958,6_LAYING
6148,6_LAYING
5510,5_STANDING
4862,2_WALKING_UPSTAIRS
4790,6_LAYING
6227,2_WALKING_UPSTAIRS
1411,1_WALKING
6498,4_SITTING
250,1_WALKING
3527,6_LAYING
6925,3_WALKING_DOWNSTAIRS
7008,4_SITTING
2661,3_WALKING_DOWNSTAIRS
4241,4_SITTING
529,5_STANDING
6843,4_SITTING
2604,6_LAYING
6477,5_STANDING
4505,3_WALKING_DOWNSTAIRS
3546,1_WALKING
2129,6_LAYING
1337,5_STANDING
2375,2_WALKING_UPSTAIRS
5415,1_WALKING
1521,4_SITTING
3210,3_WALKING_DOWNSTAIRS
5836,2_WALKING_UPSTAIRS
6692,6_LAYING
5259,2_WALKING_UPSTAIRS
4438,6_LAYING
1782,5_STANDING
4735,4_SITTING
2845,3_WALKING_DOWNSTAIRS
6267,5_STANDING
1252,1_WALKING
7308,3_WALKING_DOWNSTAIRS
5423,3_WALKING_DOWNSTAIRS
3022,3_WALKING_DOWNSTAIRS
3208,3_WALKING_DOWNSTAIRS
6509,4_SITTING
6835,4_SITTING
1132,2_WALKING_UPSTAIRS
2359,2_WALKING_UPSTAIRS
3529,1_WALKING
859,5_STANDING
6463,5_STANDING
5314,4_SITTING
910,6_LAYING
2319,1_WALKING
786,1_WALKING
3406,2_WALKING_UPSTAIRS
2063,5_STANDING
6489,4_SITTING
2310,1_WALKING
3699,6_LAYING
1662,4_SITTING
2443,6_LAYING
5322,4_SITTING
5843,2_WALKING_UPSTAIRS
6126,4_SITTING
912,6_LAYING
603,6_LAYING
733,4_SITTING
5707,5_STANDING
3231,2_WALKING_UPSTAIRS
7204,4_SITTING
2529,2_WALKING_UPSTAIRS
7289,1_WALKING
4212,5_STANDING
998,5_STANDING
2048,2_WALKING_UPSTAIRS
3826,4_SITTING
3762,3_WALKING_DOWNSTAIRS
874,5_STANDING
2781,6_LAYING
2033,2_WALKING_UPSTAIRS
1575,1_WALKING
3632,5_STANDING
1582,3_WALKING_DOWNSTAIRS
1067,6_LAYING
2476,1_WALKING
3514,6_LAYING
70,6_LAYING
7202,4_SITTING
1264,1_WALKING
3388,2_WALKING_UPSTAIRS
5781,6_LAYING
7304,3_WALKING_DOWNSTAIRS
5052,2_WALKING_UPSTAIRS
5975,6_LAYING
2247,5_STANDING
3039,2_WALKING_UPSTAIRS
3655,4_SITTING
265,1_WALKING
3083,5_STANDING
7169,5_STANDING
3503,6_LAYING
785,1_WALKING
5119,4_SITTING
4999,1_WALKING
2556,5_STANDING
5613,1_WALKING
1507,4_SITTING
2295,6_LAYING
6076,5_STANDING
6374,1_WALKING
7026,4_SITTING
3865,6_LAYING
712,5_STANDING
527,5_STANDING
5205,1_WALKING
2145,1_WALKING
6640,5_STANDING
6106,4_SITTING
5907,4_SITTING
6173,1_WALKING
5637,3_WALKING_DOWNSTAIRS
759,6_LAYING
380,4_SITTING
7132,2_WALKING_UPSTAIRS
7011,4_SITTING
3623,5_STANDING
4356,2_WALKING_UPSTAIRS
5110,4_SITTING
6163,6_LAYING
5000,1_WALKING
5191,1_WALKING
7014,4_SITTING
2165,1_WALKING
3450,5_STANDING
564,4_SITTING
351,5_STANDING
3301,4_SITTING
1451,2_WALKING_UPSTAIRS
1732,3_WALKING_DOWNSTAIRS
6067,5_STANDING
2881,5_STANDING
772,1_WALKING
3926,1_WALKING
38,4_SITTING
5451,2_WALKING_UPSTAIRS
3757,3_WALKING_DOWNSTAIRS
6617,2_WALKING_UPSTAIRS
6075,5_STANDING
4535,5_STANDING
7346,2_WALKING_UPSTAIRS
2179,3_WALKING_DOWNSTAIRS
980,2_WALKING_UPSTAIRS
1026,4_SITTING
6235,2_WALKING_UPSTAIRS
3919,1_WALKING
3382,3_WALKING_DOWNSTAIRS
2975,1_WALKING
5367,6_LAYING
2012,3_WALKING_DOWNSTAIRS
590,6_LAYING
2863,2_WALKING_UPSTAIRS
4733,4_SITTING
3007,3_WALKING_DOWNSTAIRS
6117,4_SITTING
4585,4_SITTING
4670,3_WALKING_DOWNSTAIRS
1861,1_WALKING
1853,1_WALKING
3653,4_SITTING
4112,1_WALKING
4751,4_SITTING
2704,5_STANDING
4824,1_WALKING
2664,3_WALKING_DOWNSTAIRS
3515,6_LAYING
6923,3_WALKING_DOWNSTAIRS
4426,4_SITTING
6994,5_STANDING
341,3_WALKING_DOWNSTAIRS
4693,2_WALKING_UPSTAIRS
5982,1_WALKING
4937,4_SITTING
4077,6_LAYING
1653,4_SITTING
1452,2_WALKING_UPSTAIRS
4023,4_SITTING
2360,2_WALKING_UPSTAIRS
359,5_STANDING
1947,4_SITTING
1377,6_LAYING
1061,6_LAYING
2987,1_WALKING
139,3_WALKING_DOWNSTAIRS
6731,1_WALKING
2694,2_WALKING_UPSTAIRS
4109,1_WALKING
1441,3_WALKING_DOWNSTAIRS
459,1_WALKING
2235,5_STANDING
1253,1_WALKING
3329,6_LAYING
5148,6_LAYING
2510,3_WALKING_DOWNSTAIRS
721,4_SITTING
6978,5_STANDING
6185,1_WALKING
4196,5_STANDING
2871,5_STANDING
4166,3_WALKING_DOWNSTAIRS
3042,2_WALKING_UPSTAIRS
729,4_SITTING
7034,6_LAYING
1356,4_SITTING
6384,1_WALKING
4358,2_WALKING_UPSTAIRS
2573,4_SITTING
5343,6_LAYING
1826,6_LAYING
2074,5_STANDING
6837,4_SITTING
4479,1_WALKING
2784,6_LAYING
7141,2_WALKING_UPSTAIRS
1245,1_WALKING
5926,4_SITTING
6220,2_WALKING_UPSTAIRS
698,5_STANDING
4436,6_LAYING
4590,4_SITTING
5772,6_LAYING
1127,3_WALKING_DOWNSTAIRS
6437,2_WALKING_UPSTAIRS
3572,3_WALKING_DOWNSTAIRS
4689,2_WALKING_UPSTAIRS
4221,4_SITTING
1859,1_WALKING
4981,6_LAYING
5900,5_STANDING
6679,4_SITTING
6851,4_SITTING
487,3_WALKING_DOWNSTAIRS
6254,5_STANDING
813,3_WALKING_DOWNSTAIRS
1856,1_WALKING
7101,3_WALKING_DOWNSTAIRS
875,4_SITTING
1143,2_WALKING_UPSTAIRS
5769,6_LAYING
1238,1_WALKING
333,3_WALKING_DOWNSTAIRS
3936,3_WALKING_DOWNSTAIRS
6085,5_STANDING
5355,6_LAYING
3135,6_LAYING
4039,4_SITTING
1764,5_STANDING
3307,4_SITTING
413,6_LAYING
3966,5_STANDING
2497,3_WALKING_DOWNSTAIRS
45,4_SITTING
2530,2_WALKING_UPSTAIRS
1864,1_WALKING
6250,5_STANDING
3767,2_WALKING_UPSTAIRS
6963,2_WALKING_UPSTAIRS
3948,2_WALKING_UPSTAIRS
4510,2_WALKING_UPSTAIRS
4081,6_LAYING
3132,6_LAYING
3061,5_STANDING
3003,3_WALKING_DOWNSTAIRS
6358,6_LAYING
5966,6_LAYING
384,4_SITTING
3477,4_SITTING
685,2_WALKING_UPSTAIRS
4992,1_WALKING
7152,3_WALKING_DOWNSTAIRS
2219,2_WALKING_UPSTAIRS
1408,1_WALKING
3081,5_STANDING
1893,2_WALKING_UPSTAIRS
4500,3_WALKING_DOWNSTAIRS
3807,5_STANDING
2215,2_WALKING_UPSTAIRS
2211,2_WALKING_UPSTAIRS
1196,4_SITTING
3763,3_WALKING_DOWNSTAIRS
3326,6_LAYING
2201,2_WALKING_UPSTAIRS
3918,1_WALKING
4744,4_SITTING
3648,4_SITTING
956,3_WALKING_DOWNSTAIRS
3048,2_WALKING_UPSTAIRS
741,6_LAYING
2142,1_WALKING
5750,6_LAYING
5233,3_WALKING_DOWNSTAIRS
4472,1_WALKING
6165,6_LAYING
3732,1_WALKING
3570,3_WALKING_DOWNSTAIRS
5545,4_SITTING
5086,5_STANDING
1117,3_WALKING_DOWNSTAIRS
2774,6_LAYING
4161,3_WALKING_DOWNSTAIRS
3761,3_WALKING_DOWNSTAIRS
7210,4_SITTING
5277,5_STANDING
5585,6_LAYING
2107,4_SITTING
1529,6_LAYING
7119,3_WALKING_DOWNSTAIRS
2760,4_SITTING
2725,5_STANDING
738,4_SITTING
6822,5_STANDING
5215,3_WALKING_DOWNSTAIRS
5572,6_LAYING
5509,5_STANDING
2989,1_WALKING
3563,3_WALKING_DOWNSTAIRS
2699,2_WALKING_UPSTAIRS
6135,6_LAYING
4215,5_STANDING
5118,4_SITTING
149,3_WALKING_DOWNSTAIRS
350,5_STANDING
4497,3_WALKING_DOWNSTAIRS
2802,1_WALKING
7039,6_LAYING
1557,1_WALKING
4219,5_STANDING
4486,1_WALKING
971,2_WALKING_UPSTAIRS
2056,2_WALKING_UPSTAIRS
1939,4_SITTING
3986,5_STANDING
4481,1_WALKING
7216,4_SITTING
3237,5_STANDING
5193,1_WALKING
1419,1_WALKING
828,2_WALKING_UPSTAIRS
4218,5_STANDING
1682,6_LAYING
7077,1_WALKING
2511,3_WALKING_DOWNSTAIRS
6419,3_WALKING_DOWNSTAIRS
3528,6_LAYING
6456,5_STANDING
7294,3_WALKING_DOWNSTAIRS
1425,3_WALKING_DOWNSTAIRS
4872,2_WALKING_UPSTAIRS
2109,4_SITTING
1046,4_SITTING
2126,6_LAYING
5761,6_LAYING
3057,5_STANDING
3850,4_SITTING
4366,2_WALKING_UPSTAIRS
5694,5_STANDING
862,5_STANDING
2186,3_WALKING_DOWNSTAIRS
44,4_SITTING
6420,3_WALKING_DOWNSTAIRS
652,3_WALKING_DOWNSTAIRS
2387,5_STANDING
1631,5_STANDING
4717,5_STANDING
6312,4_SITTING
4519,2_WALKING_UPSTAIRS
5056,2_WALKING_UPSTAIRS
2587,4_SITTING
7060,6_LAYING
6269,5_STANDING
843,2_WALKING_UPSTAIRS
274,1_WALKING
5179,1_WALKING
2552,5_STANDING
5551,4_SITTING
2480,1_WALKING
3758,3_WALKING_DOWNSTAIRS
7219,4_SITTING
6423,3_WALKING_DOWNSTAIRS
883,4_SITTING
4028,4_SITTING
156,2_WALKING_UPSTAIRS
6131,6_LAYING
3158,6_LAYING
1157,5_STANDING
3490,4_SITTING
3754,3_WALKING_DOWNSTAIRS
4779,6_LAYING
75,6_LAYING
5239,2_WALKING_UPSTAIRS
2393,5_STANDING
767,1_WALKING
6950,2_WALKING_UPSTAIRS
4496,3_WALKING_DOWNSTAIRS
3125,4_SITTING
6789,2_WALKING_UPSTAIRS
7171,5_STANDING
6639,5_STANDING
6608,2_WALKING_UPSTAIRS
2763,6_LAYING
1039,4_SITTING
1406,1_WALKING
6288,4_SITTING
5126,4_SITTING
3182,1_WALKING
5710,4_SITTING
5635,3_WALKING_DOWNSTAIRS
6305,4_SITTING
41,4_SITTING
3855,4_SITTING
4179,5_STANDING
771,1_WALKING
3464,4_SITTING
2013,3_WALKING_DOWNSTAIRS
5639,3_WALKING_DOWNSTAIRS
6972,5_STANDING
2449,6_LAYING
5837,2_WALKING_UPSTAIRS
6479,5_STANDING
661,3_WALKING_DOWNSTAIRS
3804,5_STANDING
3808,5_STANDING
7278,1_WALKING
1385,6_LAYING
757,6_LAYING
1776,5_STANDING
1161,5_STANDING
3465,4_SITTING
4132,3_WALKING_DOWNSTAIRS
2353,3_WALKING_DOWNSTAIRS
3437,5_STANDING
1587,3_WALKING_DOWNSTAIRS
5016,3_WALKING_DOWNSTAIRS
7038,6_LAYING
1926,4_SITTING
3969,5_STANDING
5764,6_LAYING
3984,5_STANDING
3029,2_WALKING_UPSTAIRS
7327,2_WALKING_UPSTAIRS
567,4_SITTING
2920,4_SITTING
4833,3_WALKING_DOWNSTAIRS
2808,1_WALKING
737,4_SITTING
4409,4_SITTING
2267,4_SITTING
2515,3_WALKING_DOWNSTAIRS
7326,2_WALKING_UPSTAIRS
2728,5_STANDING
6154,6_LAYING
1286,3_WALKING_DOWNSTAIRS
2457,6_LAYING
5591,1_WALKING
5712,4_SITTING
967,3_WALKING_DOWNSTAIRS
3129,4_SITTING
895,4_SITTING
5241,2_WALKING_UPSTAIRS
1989,1_WALKING
6411,2_WALKING_UPSTAIRS
3835,4_SITTING
3481,4_SITTING
682,2_WALKING_UPSTAIRS
821,3_WALKING_DOWNSTAIRS
3512,6_LAYING
144,3_WALKING_DOWNSTAIRS
6635,5_STANDING
5256,2_WALKING_UPSTAIRS
2831,3_WALKING_DOWNSTAIRS
1838,6_LAYING
6409,2_WALKING_UPSTAIRS
1936,4_SITTING
5063,2_WALKING_UPSTAIRS
4594,4_SITTING
399,4_SITTING
2857,2_WALKING_UPSTAIRS
3291,4_SITTING
2930,4_SITTING
3604,3_WALKING_DOWNSTAIRS
1466,2_WALKING_UPSTAIRS
494,2_WALKING_UPSTAIRS
5262,2_WALKING_UPSTAIRS
3090,5_STANDING
264,1_WALKING
4268,6_LAYING
1128,3_WALKING_DOWNSTAIRS
1534,6_LAYING
448,1_WALKING
1052,6_LAYING
2005,1_WALKING
6689,6_LAYING
2363,2_WALKING_UPSTAIRS
1353,4_SITTING
278,1_WALKING
800,3_WALKING_DOWNSTAIRS
1060,6_LAYING
3712,6_LAYING
1475,2_WALKING_UPSTAIRS
4164,3_WALKING_DOWNSTAIRS
1482,5_STANDING
4470,6_LAYING
5528,4_SITTING
539,5_STANDING
4956,6_LAYING
753,6_LAYING
713,5_STANDING
7044,6_LAYING
1203,4_SITTING
4710,5_STANDING
1965,6_LAYING
955,3_WALKING_DOWNSTAIRS
3240,5_STANDING
3618,5_STANDING
3461,5_STANDING
258,1_WALKING
6237,2_WALKING_UPSTAIRS
2773,6_LAYING
3927,1_WALKING
7343,2_WALKING_UPSTAIRS
1671,6_LAYING
1651,4_SITTING
1538,6_LAYING
6699,6_LAYING
2517,2_WALKING_UPSTAIRS
53,6_LAYING
2092,4_SITTING
2441,6_LAYING
2616,6_LAYING
6546,6_LAYING
5817,3_WALKING_DOWNSTAIRS
1354,4_SITTING
4870,3_WALKING_DOWNSTAIRS
4075,6_LAYING
3480,4_SITTING
5145,6_LAYING
3079,5_STANDING
2465,6_LAYING
705,5_STANDING
1554,1_WALKING
3519,6_LAYING
5365,6_LAYING
1516,4_SITTING
6672,4_SITTING
4301,6_LAYING
7027,4_SITTING
6518,6_LAYING
2112,6_LAYING
6557,1_WALKING
5549,4_SITTING
3879,6_LAYING
5406,1_WALKING
6097,4_SITTING
175,2_WALKING_UPSTAIRS
2095,4_SITTING
3882,6_LAYING
6273,5_STANDING
5178,1_WALKING
215,6_LAYING
390,4_SITTING
4969,6_LAYING
4973,6_LAYING
884,4_SITTING
2715,5_STANDING
5716,4_SITTING
5102,5_STANDING
2282,6_LAYING
3928,3_WALKING_DOWNSTAIRS
1809,4_SITTING
3012,3_WALKING_DOWNSTAIRS
5328,4_SITTING
6407,2_WALKING_UPSTAIRS
4706,5_STANDING
3037,2_WALKING_UPSTAIRS
3690,6_LAYING
5311,4_SITTING
6495,4_SITTING
4070,6_LAYING
1769,5_STANDING
5273,5_STANDING
1608,2_WALKING_UPSTAIRS
4677,2_WALKING_UPSTAIRS
143,3_WALKING_DOWNSTAIRS
4216,5_STANDING
2255,4_SITTING
2501,3_WALKING_DOWNSTAIRS
3813,5_STANDING
3362,1_WALKING
4508,2_WALKING_UPSTAIRS
4669,3_WALKING_DOWNSTAIRS
1309,2_WALKING_UPSTAIRS
3028,2_WALKING_UPSTAIRS
2803,1_WALKING
6229,2_WALKING_UPSTAIRS
1329,5_STANDING
2427,4_SITTING
4859,2_WALKING_UPSTAIRS
6416,3_WALKING_DOWNSTAIRS
6311,4_SITTING
6641,5_STANDING
2261,4_SITTING
367,5_STANDING
4718,5_STANDING
5345,6_LAYING
3156,6_LAYING
1644,5_STANDING
3280,4_SITTING
6664,4_SITTING
4774,6_LAYING
252,1_WALKING
6682,4_SITTING
4746,4_SITTING
1811,4_SITTING
5673,5_STANDING
4194,5_STANDING
6147,6_LAYING
1990,1_WALKING
5139,6_LAYING
3590,2_WALKING_UPSTAIRS
7087,1_WALKING
574,4_SITTING
3121,4_SITTING
5594,1_WALKING
879,4_SITTING
6071,5_STANDING
1269,3_WALKING_DOWNSTAIRS
2844,3_WALKING_DOWNSTAIRS
4552,5_STANDING
142,3_WALKING_DOWNSTAIRS
3775,2_WALKING_UPSTAIRS
3983,5_STANDING
2091,4_SITTING
921,1_WALKING
3006,3_WALKING_DOWNSTAIRS
7116,3_WALKING_DOWNSTAIRS
6249,5_STANDING
3593,2_WALKING_UPSTAIRS
2757,4_SITTING
5564,6_LAYING
2505,3_WALKING_DOWNSTAIRS
4082,6_LAYING
2234,5_STANDING
6262,5_STANDING
2582,4_SITTING
255,1_WALKING
3819,5_STANDING
602,6_LAYING
873,5_STANDING
167,2_WALKING_UPSTAIRS
5472,2_WALKING_UPSTAIRS
519,2_WALKING_UPSTAIRS
5670,2_WALKING_UPSTAIRS
7274,1_WALKING
1558,1_WALKING
187,5_STANDING
522,5_STANDING
4136,3_WALKING_DOWNSTAIRS
5368,6_LAYING
6242,2_WALKING_UPSTAIRS
6475,5_STANDING
11,5_STANDING
6127,4_SITTING
6771,3_WALKING_DOWNSTAIRS
704,5_STANDING
1080,1_WALKING
7338,2_WALKING_UPSTAIRS
6593,3_WALKING_DOWNSTAIRS
1297,2_WALKING_UPSTAIRS
5514,4_SITTING
2140,1_WALKING
1994,1_WALKING
193,5_STANDING
7331,2_WALKING_UPSTAIRS
1402,1_WALKING
3941,2_WALKING_UPSTAIRS
80,1_WALKING
2298,6_LAYING
151,2_WALKING_UPSTAIRS
7337,2_WALKING_UPSTAIRS
468,3_WALKING_DOWNSTAIRS
4258,6_LAYING
3726,1_WALKING
3266,5_STANDING
5268,2_WALKING_UPSTAIRS
2976,1_WALKING
1621,2_WALKING_UPSTAIRS
6737,1_WALKING
600,6_LAYING
1922,5_STANDING
1630,5_STANDING
5806,1_WALKING
4360,3_WALKING_DOWNSTAIRS
3691,6_LAYING
3027,2_WALKING_UPSTAIRS
185,5_STANDING
6301,4_SITTING
1995,1_WALKING
2461,6_LAYING
507,2_WALKING_UPSTAIRS
140,3_WALKING_DOWNSTAIRS
6266,5_STANDING
2133,6_LAYING
4919,4_SITTING
3445,5_STANDING
3432,5_STANDING
4996,1_WALKING
299,3_WALKING_DOWNSTAIRS
5547,4_SITTING
5051,2_WALKING_UPSTAIRS
4922,4_SITTING
5913,4_SITTING
2439,4_SITTING
1074,6_LAYING
6363,6_LAYING
2660,3_WALKING_DOWNSTAIRS
261,1_WALKING
5622,3_WALKING_DOWNSTAIRS
2088,4_SITTING
4490,1_WALKING
4051,4_SITTING
4448,6_LAYING
881,4_SITTING
5661,2_WALKING_UPSTAIRS
2154,1_WALKING
1200,4_SITTING
1021,4_SITTING
749,6_LAYING
5275,5_STANDING
1412,1_WALKING
4430,4_SITTING
6172,1_WALKING
1063,6_LAYING
5721,4_SITTING
2746,4_SITTING
4266,6_LAYING
6793,2_WALKING_UPSTAIRS
1387,6_LAYING
3842,4_SITTING
3739,1_WALKING
2323,1_WALKING
3286,4_SITTING
2835,3_WALKING_DOWNSTAIRS
306,2_WALKING_UPSTAIRS
5821,3_WALKING_DOWNSTAIRS
6997,4_SITTING
4736,4_SITTING
644,3_WALKING_DOWNSTAIRS
665,2_WALKING_UPSTAIRS
1368,4_SITTING
5405,1_WALKING
579,6_LAYING
4855,2_WALKING_UPSTAIRS
5129,4_SITTING
599,6_LAYING
5733,4_SITTING
7221,4_SITTING
2050,2_WALKING_UPSTAIRS
5963,6_LAYING
1382,6_LAYING
377,5_STANDING
4680,2_WALKING_UPSTAIRS
4392,5_STANDING
429,6_LAYING
2697,2_WALKING_UPSTAIRS
5834,2_WALKING_UPSTAIRS
1106,3_WALKING_DOWNSTAIRS
4920,4_SITTING
2957,6_LAYING
4895,5_STANDING
2185,3_WALKING_DOWNSTAIRS
4065,6_LAYING
2348,3_WALKING_DOWNSTAIRS
1322,5_STANDING
6618,2_WALKING_UPSTAIRS
5151,6_LAYING
2394,5_STANDING
935,1_WALKING
6953,2_WALKING_UPSTAIRS
4312,1_WALKING
1164,5_STANDING
6109,4_SITTING
4804,1_WALKING
32,4_SITTING
385,4_SITTING
396,4_SITTING
6272,5_STANDING
1656,4_SITTING
5162,6_LAYING
2923,4_SITTING
6098,4_SITTING
2065,5_STANDING
1845,1_WALKING
6299,4_SITTING
6275,5_STANDING
4209,5_STANDING
4255,4_SITTING
6329,6_LAYING
3248,5_STANDING
1140,2_WALKING_UPSTAIRS
3980,5_STANDING
2334,3_WALKING_DOWNSTAIRS
362,5_STANDING
6255,5_STANDING
5978,1_WALKING
6480,5_STANDING
3720,6_LAYING
801,3_WALKING_DOWNSTAIRS
4842,2_WALKING_UPSTAIRS
5473,2_WALKING_UPSTAIRS
5290,5_STANDING
3564,3_WALKING_DOWNSTAIRS
5665,2_WALKING_UPSTAIRS
7145,2_WALKING_UPSTAIRS
28,4_SITTING
2630,6_LAYING
4527,2_WALKING_UPSTAIRS
5300,5_STANDING
2794,6_LAYING
4757,4_SITTING
2722,5_STANDING
6862,4_SITTING
7228,4_SITTING
2944,6_LAYING
4175,2_WALKING_UPSTAIRS
4003,5_STANDING
5541,4_SITTING
7013,4_SITTING
5558,6_LAYING
3096,4_SITTING
601,6_LAYING
1009,5_STANDING
5434,3_WALKING_DOWNSTAIRS
5035,3_WALKING_DOWNSTAIRS
2082,5_STANDING
1706,1_WALKING
2127,6_LAYING
3771,2_WALKING_UPSTAIRS
6224,2_WALKING_UPSTAIRS
67,6_LAYING
2974,1_WALKING
4789,6_LAYING
4485,1_WALKING
7280,1_WALKING
2646,1_WALKING
5456,2_WALKING_UPSTAIRS
4945,6_LAYING
4303,6_LAYING
2910,4_SITTING
1761,5_STANDING
1304,2_WALKING_UPSTAIRS
5911,4_SITTING
4328,1_WALKING
174,2_WALKING_UPSTAIRS
2601,6_LAYING
6338,6_LAYING
3796,5_STANDING
3076,5_STANDING
1600,2_WALKING_UPSTAIRS
1599,2_WALKING_UPSTAIRS
1714,1_WALKING
200,5_STANDING
624,1_WALKING
2098,4_SITTING
3221,2_WALKING_UPSTAIRS
6865,6_LAYING
5087,5_STANDING
2681,2_WALKING_UPSTAIRS
7172,5_STANDING
3727,1_WALKING
7271,1_WALKING
5375,6_LAYING
5439,3_WALKING_DOWNSTAIRS
2326,1_WALKING
1580,3_WALKING_DOWNSTAIRS
6788,2_WALKING_UPSTAIRS
917,6_LAYING
5159,6_LAYING
4967,6_LAYING
1386,6_LAYING
5471,2_WALKING_UPSTAIRS
5183,1_WALKING
2562,5_STANDING
5155,6_LAYING
6111,4_SITTING
3893,6_LAYING
4938,4_SITTING
3998,5_STANDING
6175,1_WALKING
6114,4_SITTING
3899,6_LAYING
3650,4_SITTING
5610,1_WALKING
3746,1_WALKING
370,5_STANDING
501,2_WALKING_UPSTAIRS
7157,2_WALKING_UPSTAIRS
1049,6_LAYING
3058,5_STANDING
6356,6_LAYING
5574,6_LAYING
3005,3_WALKING_DOWNSTAIRS
22,5_STANDING
3930,3_WALKING_DOWNSTAIRS
7296,3_WALKING_DOWNSTAIRS
1350,4_SITTING
1948,4_SITTING
3621,5_STANDING
907,6_LAYING
4690,2_WALKING_UPSTAIRS
2057,2_WALKING_UPSTAIRS
1663,4_SITTING
3152,6_LAYING
2663,3_WALKING_DOWNSTAIRS
4191,5_STANDING
3131,6_LAYING
3587,2_WALKING_UPSTAIRS
2367,2_WALKING_UPSTAIRS
2302,1_WALKING
4950,6_LAYING
1485,5_STANDING
1210,6_LAYING
3264,5_STANDING
3153,6_LAYING
6883,6_LAYING
2708,5_STANDING
4792,6_LAYING
7082,1_WALKING
2113,6_LAYING
2042,2_WALKING_UPSTAIRS
2735,4_SITTING
2874,5_STANDING
3997,5_STANDING
467,3_WALKING_DOWNSTAIRS
1673,6_LAYING
4084,6_LAYING
6941,3_WALKING_DOWNSTAIRS
3216,2_WALKING_UPSTAIRS
2734,4_SITTING
6604,2_WALKING_UPSTAIRS
3935,3_WALKING_DOWNSTAIRS
2343,3_WALKING_DOWNSTAIRS
798,3_WALKING_DOWNSTAIRS
65,6_LAYING
5845,2_WALKING_UPSTAIRS
4213,5_STANDING
6270,5_STANDING
4946,6_LAYING
4061,6_LAYING
5532,4_SITTING
5517,4_SITTING
2200,2_WALKING_UPSTAIRS
6620,2_WALKING_UPSTAIRS
928,1_WALKING
4013,4_SITTING
578,6_LAYING
2106,4_SITTING
436,1_WALKING
3751,3_WALKING_DOWNSTAIRS
3832,4_SITTING
4283,6_LAYING
169,2_WALKING_UPSTAIRS
1934,4_SITTING
460,1_WALKING
2409,5_STANDING
4045,4_SITTING
2314,1_WALKING
4559,5_STANDING
241,6_LAYING
6675,4_SITTING
812,3_WALKING_DOWNSTAIRS
1515,4_SITTING
1775,5_STANDING
7256,6_LAYING
3170,1_WALKING
393,4_SITTING
4797,6_LAYING
4858,2_WALKING_UPSTAIRS
2859,2_WALKING_UPSTAIRS
4768,6_LAYING
5443,3_WALKING_DOWNSTAIRS
4561,5_STANDING
2724,5_STANDING
243,6_LAYING
2358,2_WALKING_UPSTAIRS
7328,2_WALKING_UPSTAIRS
3825,4_SITTING
2938,6_LAYING
3799,5_STANDING
3151,6_LAYING
6325,4_SITTING
1484,5_STANDING
7350,2_WALKING_UPSTAIRS
7272,1_WALKING
93,1_WALKING
5852,3_WALKING_DOWNSTAIRS
6996,4_SITTING
280,1_WALKING
6318,4_SITTING
2631,1_WALKING
2167,1_WALKING
4478,1_WALKING
159,2_WALKING_UPSTAIRS
5601,1_WALKING
6687,6_LAYING
568,4_SITTING
1400,1_WALKING
1456,2_WALKING_UPSTAIRS
4186,5_STANDING
2758,4_SITTING
863,5_STANDING
2852,2_WALKING_UPSTAIRS
2078,5_STANDING
4318,1_WALKING
311,2_WALKING_UPSTAIRS
3800,5_STANDING
2846,3_WALKING_DOWNSTAIRS
3313,6_LAYING
5003,1_WALKING
1537,6_LAYING
6772,3_WALKING_DOWNSTAIRS
4534,5_STANDING
5987,1_WALKING
589,6_LAYING
4466,6_LAYING
1556,1_WALKING
4926,4_SITTING
5812,1_WALKING
4369,2_WALKING_UPSTAIRS
7332,2_WALKING_UPSTAIRS
1851,1_WALKING
1187,4_SITTING
6935,3_WALKING_DOWNSTAIRS
674,2_WALKING_UPSTAIRS
4345,2_WALKING_UPSTAIRS
4439,6_LAYING
3347,6_LAYING
2898,5_STANDING
2696,2_WALKING_UPSTAIRS
6291,4_SITTING
2010,3_WALKING_DOWNSTAIRS
1638,5_STANDING
5803,1_WALKING
1177,5_STANDING
3453,5_STANDING
5919,4_SITTING
1497,5_STANDING
493,2_WALKING_UPSTAIRS
6095,4_SITTING
6891,6_LAYING
3068,5_STANDING
4795,6_LAYING
720,4_SITTING
6906,1_WALKING
6377,1_WALKING
774,1_WALKING
6167,1_WALKING
229,4_SITTING
2464,6_LAYING
5640,3_WALKING_DOWNSTAIRS
7286,1_WALKING
2486,1_WALKING
2424,4_SITTING
6392,1_WALKING
945,1_WALKING
446,1_WALKING
5018,3_WALKING_DOWNSTAIRS
856,5_STANDING
6580,3_WALKING_DOWNSTAIRS
6009,3_WALKING_DOWNSTAIRS
1941,4_SITTING
2592,4_SITTING
4319,1_WALKING
1721,3_WALKING_DOWNSTAIRS
2024,3_WALKING_DOWNSTAIRS
679,2_WALKING_UPSTAIRS
5009,1_WALKING
3330,6_LAYING
2049,2_WALKING_UPSTAIRS
6216,3_WALKING_DOWNSTAIRS
7007,4_SITTING
7056,6_LAYING
4775,6_LAYING
3356,1_WALKING
3198,3_WALKING_DOWNSTAIRS
3075,5_STANDING
1602,2_WALKING_UPSTAIRS
5028,3_WALKING_DOWNSTAIRS
2143,1_WALKING
1032,4_SITTING
5394,1_WALKING
3950,2_WALKING_UPSTAIRS
6660,4_SITTING
7094,1_WALKING
3130,6_LAYING
6743,1_WALKING
4838,2_WALKING_UPSTAIRS
3146,6_LAYING
5015,3_WALKING_DOWNSTAIRS
3328,6_LAYING
797,3_WALKING_DOWNSTAIRS
7239,6_LAYING
3299,4_SITTING
3953,3_WALKING_DOWNSTAIRS
63,6_LAYING
1168,5_STANDING
6289,4_SITTING
394,4_SITTING
7089,1_WALKING
4846,3_WALKING_DOWNSTAIRS
208,4_SITTING
4284,6_LAYING
3034,2_WALKING_UPSTAIRS
1194,4_SITTING
4468,6_LAYING
1911,5_STANDING
4809,1_WALKING
3525,6_LAYING
6253,5_STANDING
2968,6_LAYING
2934,4_SITTING
1096,1_WALKING
2332,3_WALKING_DOWNSTAIRS
5116,4_SITTING
3004,3_WALKING_DOWNSTAIRS
3649,4_SITTING
1957,6_LAYING
3196,3_WALKING_DOWNSTAIRS
485,3_WALKING_DOWNSTAIRS
3205,3_WALKING_DOWNSTAIRS
6110,4_SITTING
2138,1_WALKING
4170,2_WALKING_UPSTAIRS
3787,2_WALKING_UPSTAIRS
4423,4_SITTING
5903,4_SITTING
6987,5_STANDING
4606,6_LAYING
2612,6_LAYING
57,6_LAYING
5377,6_LAYING
4381,5_STANDING
6033,2_WALKING_UPSTAIRS
1589,3_WALKING_DOWNSTAIRS
1284,3_WALKING_DOWNSTAIRS
4649,1_WALKING
1640,5_STANDING
816,3_WALKING_DOWNSTAIRS
6516,6_LAYING
2061,5_STANDING
4851,3_WALKING_DOWNSTAIRS
514,2_WALKING_UPSTAIRS
1709,1_WALKING
6747,1_WALKING
3251,5_STANDING
1176,5_STANDING
5816,3_WALKING_DOWNSTAIRS
5393,1_WALKING
2638,1_WALKING
3814,5_STANDING
4899,5_STANDING
5335,4_SITTING
3523,6_LAYING
4900,5_STANDING
5995,1_WALKING
4886,5_STANDING
5330,4_SITTING
1935,4_SITTING
4759,4_SITTING
6353,6_LAYING
6572,1_WALKING
7261,6_LAYING
3244,5_STANDING
3167,1_WALKING
6919,1_WALKING
4651,1_WALKING
806,3_WALKING_DOWNSTAIRS
3598,3_WALKING_DOWNSTAIRS
1470,2_WALKING_UPSTAIRS
1044,4_SITTING
1325,5_STANDING
616,1_WALKING
3386,3_WALKING_DOWNSTAIRS
7069,1_WALKING
6090,5_STANDING
1012,5_STANDING
6847,4_SITTING
137,3_WALKING_DOWNSTAIRS
1987,1_WALKING
3318,6_LAYING
2862,2_WALKING_UPSTAIRS
2966,6_LAYING
2253,4_SITTING
5266,2_WALKING_UPSTAIRS
3162,6_LAYING
6970,5_STANDING
623,1_WALKING
4712,5_STANDING
2615,6_LAYING
1804,4_SITTING
6119,4_SITTING
2692,2_WALKING_UPSTAIRS
3160,6_LAYING
2503,3_WALKING_DOWNSTAIRS
5039,3_WALKING_DOWNSTAIRS
4489,1_WALKING
4954,6_LAYING
6738,1_WALKING
5953,6_LAYING
2525,2_WALKING_UPSTAIRS
3123,4_SITTING
1288,3_WALKING_DOWNSTAIRS
4671,3_WALKING_DOWNSTAIRS
2466,1_WALKING
3370,1_WALKING
4042,4_SITTING
613,1_WALKING
498,2_WALKING_UPSTAIRS
2964,6_LAYING
4934,4_SITTING
4141,3_WALKING_DOWNSTAIRS
5553,4_SITTING
726,4_SITTING
5124,4_SITTING
3970,5_STANDING
3113,4_SITTING
4193,5_STANDING
3778,2_WALKING_UPSTAIRS
6031,2_WALKING_UPSTAIRS
6333,6_LAYING
5741,4_SITTING
1661,4_SITTING
6226,2_WALKING_UPSTAIRS
3002,3_WALKING_DOWNSTAIRS
1897,2_WALKING_UPSTAIRS
687,2_WALKING_UPSTAIRS
1841,6_LAYING
4953,6_LAYING
4424,4_SITTING
114,1_WALKING
5445,2_WALKING_UPSTAIRS
4626,6_LAYING
1029,4_SITTING
2606,6_LAYING
3303,4_SITTING
1206,4_SITTING
6807,5_STANDING
5125,4_SITTING
6435,2_WALKING_UPSTAIRS
5693,5_STANDING
526,5_STANDING
3721,6_LAYING
276,1_WALKING
6864,4_SITTING
6012,3_WALKING_DOWNSTAIRS
5546,4_SITTING
6718,6_LAYING
5481,5_STANDING
5534,4_SITTING
645,3_WALKING_DOWNSTAIRS
5876,5_STANDING
3509,6_LAYING
5341,6_LAYING
4330,3_WALKING_DOWNSTAIRS
4588,4_SITTING
2135,6_LAYING
6612,2_WALKING_UPSTAIRS
969,2_WALKING_UPSTAIRS
4354,2_WALKING_UPSTAIRS
2532,2_WALKING_UPSTAIRS
1218,6_LAYING
7174,5_STANDING
5001,1_WALKING
4681,2_WALKING_UPSTAIRS
1383,6_LAYING
4187,5_STANDING
4770,6_LAYING
4570,4_SITTING
5824,3_WALKING_DOWNSTAIRS
3671,4_SITTING
5391,1_WALKING
78,1_WALKING
6758,3_WALKING_DOWNSTAIRS
5977,1_WALKING
2153,1_WALKING
1162,5_STANDING
4211,5_STANDING
6868,6_LAYING
6010,3_WALKING_DOWNSTAIRS
4281,6_LAYING
6656,4_SITTING
3297,4_SITTING
387,4_SITTING
3140,6_LAYING
5531,4_SITTING
6712,6_LAYING
4222,4_SITTING
2144,1_WALKING
5036,3_WALKING_DOWNSTAIRS
4826,1_WALKING
2259,4_SITTING
401,4_SITTING
2340,3_WALKING_DOWNSTAIRS
6240,2_WALKING_UPSTAIRS
5064,2_WALKING_UPSTAIRS
6871,6_LAYING
5389,1_WALKING
1344,4_SITTING
6918,1_WALKING
5332,4_SITTING
5912,4_SITTING
168,2_WALKING_UPSTAIRS
3044,2_WALKING_UPSTAIRS
4653,1_WALKING
3575,2_WALKING_UPSTAIRS
5246,2_WALKING_UPSTAIRS
5799,1_WALKING
5395,1_WALKING
5944,6_LAYING
4762,4_SITTING
1693,1_WALKING
7135,2_WALKING_UPSTAIRS
2535,2_WALKING_UPSTAIRS
1372,6_LAYING
2240,5_STANDING
5617,1_WALKING
3548,1_WALKING
2108,4_SITTING
6230,2_WALKING_UPSTAIRS
2674,3_WALKING_DOWNSTAIRS
4656,3_WALKING_DOWNSTAIRS
5993,1_WALKING
3524,6_LAYING
3440,5_STANDING
3676,4_SITTING
4822,1_WALKING
5724,4_SITTING
6511,4_SITTING
3658,4_SITTING
2104,4_SITTING
6897,1_WALKING
6559,1_WALKING
2172,3_WALKING_DOWNSTAIRS
3951,2_WALKING_UPSTAIRS
4217,5_STANDING
1388,6_LAYING
3045,2_WALKING_UPSTAIRS
6182,1_WALKING
748,6_LAYING
2354,3_WALKING_DOWNSTAIRS
2473,1_WALKING
40,4_SITTING
5153,6_LAYING
427,6_LAYING
5047,2_WALKING_UPSTAIRS
938,1_WALKING
6219,2_WALKING_UPSTAIRS
1442,3_WALKING_DOWNSTAIRS
5312,4_SITTING
4562,5_STANDING
5744,6_LAYING
1812,4_SITTING
7201,4_SITTING
2999,3_WALKING_DOWNSTAIRS
490,2_WALKING_UPSTAIRS
5359,6_LAYING
1045,4_SITTING
2016,3_WALKING_DOWNSTAIRS
1359,4_SITTING
7336,2_WALKING_UPSTAIRS
1848,1_WALKING
3403,3_WALKING_DOWNSTAIRS
1277,3_WALKING_DOWNSTAIRS
4032,4_SITTING
4584,4_SITTING
5580,6_LAYING
6192,1_WALKING
3709,6_LAYING
3021,3_WALKING_DOWNSTAIRS
5421,3_WALKING_DOWNSTAIRS
7168,5_STANDING
5326,4_SITTING
5444,3_WALKING_DOWNSTAIRS
2727,5_STANDING
4362,3_WALKING_DOWNSTAIRS
2350,3_WALKING_DOWNSTAIRS
1459,2_WALKING_UPSTAIRS
719,4_SITTING
4810,1_WALKING
2286,6_LAYING
2291,6_LAYING
1821,6_LAYING
5609,1_WALKING
1959,6_LAYING
4410,4_SITTING
5697,5_STANDING
3706,6_LAYING
3359,1_WALKING
6583,3_WALKING_DOWNSTAIRS
2001,1_WALKING
3643,5_STANDING
6189,1_WALKING
4701,5_STANDING
5101,5_STANDING
6232,2_WALKING_UPSTAIRS
6180,1_WALKING
4897,5_STANDING
5115,4_SITTING
825,2_WALKING_UPSTAIRS
6007,3_WALKING_DOWNSTAIRS
7282,1_WALKING
3607,5_STANDING
3698,6_LAYING
1498,5_STANDING
1396,1_WALKING
3905,1_WALKING
619,1_WALKING
6346,6_LAYING
5226,3_WALKING_DOWNSTAIRS
196,5_STANDING
6806,5_STANDING
2608,6_LAYING
2703,2_WALKING_UPSTAIRS
648,3_WALKING_DOWNSTAIRS
5570,6_LAYING
4571,4_SITTING
2468,1_WALKING
2395,5_STANDING
4860,2_WALKING_UPSTAIRS
3495,6_LAYING
4893,5_STANDING
4655,3_WALKING_DOWNSTAIRS
5418,3_WALKING_DOWNSTAIRS
1942,4_SITTING
6034,2_WALKING_UPSTAIRS
3937,3_WALKING_DOWNSTAIRS
1816,6_LAYING
1964,6_LAYING
4247,4_SITTING
6284,5_STANDING
4231,4_SITTING
5556,4_SITTING
3148,6_LAYING
934,1_WALKING
374,5_STANDING
2327,1_WALKING
4556,5_STANDING
4483,1_WALKING
5470,2_WALKING_UPSTAIRS
2570,4_SITTING
3517,6_LAYING
5652,2_WALKING_UPSTAIRS
3441,5_STANDING
2183,3_WALKING_DOWNSTAIRS
3628,5_STANDING
4943,4_SITTING
325,2_WALKING_UPSTAIRS
6724,1_WALKING
1996,1_WALKING
2605,6_LAYING
999,5_STANDING
4781,6_LAYING
2783,6_LAYING
6776,2_WALKING_UPSTAIRS
586,6_LAYING
6852,4_SITTING
5941,6_LAYING
4738,4_SITTING
903,6_LAYING
992,5_STANDING
5924,4_SITTING
1614,2_WALKING_UPSTAIRS
555,4_SITTING
727,4_SITTING
4776,6_LAYING
2718,5_STANDING
324,2_WALKING_UPSTAIRS
3088,5_STANDING
3571,3_WALKING_DOWNSTAIRS
3824,5_STANDING
4052,4_SITTING
6721,6_LAYING
6581,3_WALKING_DOWNSTAIRS
3582,2_WALKING_UPSTAIRS
1465,2_WALKING_UPSTAIRS
2009,1_WALKING
3612,5_STANDING
2547,5_STANDING
940,1_WALKING
4101,1_WALKING
5847,2_WALKING_UPSTAIRS
743,6_LAYING
4728,4_SITTING
6575,1_WALKING
5160,6_LAYING
2756,4_SITTING
1766,5_STANDING
1047,4_SITTING
6389,1_WALKING
226,4_SITTING
2952,6_LAYING
2973,1_WALKING
5573,6_LAYING
6295,4_SITTING
3319,6_LAYING
3195,3_WALKING_DOWNSTAIRS
5557,6_LAYING
4270,6_LAYING
7232,6_LAYING
6073,5_STANDING
2264,4_SITTING
6759,3_WALKING_DOWNSTAIRS
7253,6_LAYING
5709,4_SITTING
125,3_WALKING_DOWNSTAIRS
3755,3_WALKING_DOWNSTAIRS
19,5_STANDING
957,3_WALKING_DOWNSTAIRS
3377,1_WALKING
7103,3_WALKING_DOWNSTAIRS
2216,2_WALKING_UPSTAIRS
4343,3_WALKING_DOWNSTAIRS
7315,3_WALKING_DOWNSTAIRS
1901,2_WALKING_UPSTAIRS
2382,5_STANDING
5871,5_STANDING
418,6_LAYING
4909,5_STANDING
5221,3_WALKING_DOWNSTAIRS
6605,2_WALKING_UPSTAIRS
5791,1_WALKING
3760,3_WALKING_DOWNSTAIRS
5619,3_WALKING_DOWNSTAIRS
3839,4_SITTING
2297,6_LAYING
7250,6_LAYING
3137,6_LAYING
1235,6_LAYING
5142,6_LAYING
2775,6_LAYING
2209,2_WALKING_UPSTAIRS
296,3_WALKING_DOWNSTAIRS
5751,6_LAYING
5441,3_WALKING_DOWNSTAIRS
479,3_WALKING_DOWNSTAIRS
2731,4_SITTING
1620,2_WALKING_UPSTAIRS
4512,2_WALKING_UPSTAIRS
1461,2_WALKING_UPSTAIRS
525,5_STANDING
1632,5_STANDING
1738,2_WALKING_UPSTAIRS
1173,5_STANDING
1292,2_WALKING_UPSTAIRS
4273,6_LAYING
3981,5_STANDING
5005,1_WALKING
1289,3_WALKING_DOWNSTAIRS
5223,3_WALKING_DOWNSTAIRS
1659,4_SITTING
2916,4_SITTING
7070,1_WALKING
3215,2_WALKING_UPSTAIRS
1053,6_LAYING
1273,3_WALKING_DOWNSTAIRS
7006,4_SITTING
2276,6_LAYING
202,4_SITTING
2397,5_STANDING
6958,2_WALKING_UPSTAIRS
7149,3_WALKING_DOWNSTAIRS
3829,4_SITTING
4906,5_STANDING
6005,3_WALKING_DOWNSTAIRS
1323,5_STANDING
7059,6_LAYING
6931,3_WALKING_DOWNSTAIRS
4827,1_WALKING
5699,5_STANDING
6190,1_WALKING
2867,2_WALKING_UPSTAIRS
5464,2_WALKING_UPSTAIRS
7126,2_WALKING_UPSTAIRS
412,6_LAYING
4989,1_WALKING
4056,4_SITTING
3348,1_WALKING
6482,5_STANDING
2054,2_WALKING_UPSTAIRS
6485,5_STANDING
6853,4_SITTING
1247,1_WALKING
7295,3_WALKING_DOWNSTAIRS
3272,5_STANDING
54,6_LAYING
234,4_SITTING
1006,5_STANDING
5638,3_WALKING_DOWNSTAIRS
450,1_WALKING
7004,4_SITTING
4715,5_STANDING
5209,3_WALKING_DOWNSTAIRS
5830,3_WALKING_DOWNSTAIRS
2701,2_WALKING_UPSTAIRS
6521,6_LAYING
6425,3_WALKING_DOWNSTAIRS
778,1_WALKING
6450,2_WALKING_UPSTAIRS
6086,5_STANDING
5192,1_WALKING
4575,4_SITTING
1428,3_WALKING_DOWNSTAIRS
291,1_WALKING
2460,6_LAYING
6228,2_WALKING_UPSTAIRS
5499,5_STANDING
793,1_WALKING
5224,3_WALKING_DOWNSTAIRS
4282,6_LAYING
1914,5_STANDING
1279,3_WALKING_DOWNSTAIRS
2569,5_STANDING
6926,3_WALKING_DOWNSTAIRS
6268,5_STANDING
1212,6_LAYING
587,6_LAYING
5060,2_WALKING_UPSTAIRS
2084,4_SITTING
1023,4_SITTING
6298,4_SITTING
5659,2_WALKING_UPSTAIRS
4815,1_WALKING
2620,6_LAYING
85,1_WALKING
4939,4_SITTING
5863,2_WALKING_UPSTAIRS
7055,6_LAYING
2568,5_STANDING
4198,5_STANDING
532,5_STANDING
2289,6_LAYING
4089,6_LAYING
441,1_WALKING
3071,5_STANDING
2817,1_WALKING
1850,1_WALKING
1813,6_LAYING
2191,3_WALKING_DOWNSTAIRS
4940,4_SITTING
6870,6_LAYING
3270,5_STANDING
4337,3_WALKING_DOWNSTAIRS
6370,6_LAYING
1019,5_STANDING
3364,1_WALKING
4080,6_LAYING
2962,6_LAYING
6271,5_STANDING
3375,1_WALKING
894,4_SITTING
3409,2_WALKING_UPSTAIRS
6928,3_WALKING_DOWNSTAIRS
3968,5_STANDING
361,5_STANDING
5385,1_WALKING
4019,4_SITTING
5222,3_WALKING_DOWNSTAIRS
6344,6_LAYING
5879,5_STANDING
4836,3_WALKING_DOWNSTAIRS
5276,5_STANDING
5832,2_WALKING_UPSTAIRS
6553,6_LAYING
2969,6_LAYING
1880,3_WALKING_DOWNSTAIRS
6632,5_STANDING
4747,4_SITTING
4697,5_STANDING
3508,6_LAYING
2933,4_SITTING
6888,6_LAYING
5878,5_STANDING
7184,5_STANDING
7348,2_WALKING_UPSTAIRS
1015,5_STANDING
6532,6_LAYING
3896,6_LAYING
3862,6_LAYING
5062,2_WALKING_UPSTAIRS
4493,1_WALKING
3471,4_SITTING
3030,2_WALKING_UPSTAIRS
4676,2_WALKING_UPSTAIRS
714,5_STANDING
4344,2_WALKING_UPSTAIRS
2408,5_STANDING
4648,1_WALKING
6763,3_WALKING_DOWNSTAIRS
672,2_WALKING_UPSTAIRS
6059,5_STANDING
3267,5_STANDING
4314,1_WALKING
5533,4_SITTING
14,5_STANDING
1840,6_LAYING
2629,6_LAYING
129,3_WALKING_DOWNSTAIRS
5366,6_LAYING
3092,4_SITTING
1545,6_LAYING
1008,5_STANDING
2948,6_LAYING
2062,5_STANDING
287,1_WALKING
2899,5_STANDING
5358,6_LAYING
6548,6_LAYING
4415,4_SITTING
3275,5_STANDING
6203,3_WALKING_DOWNSTAIRS
5789,1_WALKING
1255,1_WALKING
987,2_WALKING_UPSTAIRS
7203,4_SITTING
4452,6_LAYING
4097,6_LAYING
3285,4_SITTING
4617,6_LAYING
1434,3_WALKING_DOWNSTAIRS
3995,5_STANDING
2039,2_WALKING_UPSTAIRS
4321,1_WALKING
5684,5_STANDING
3300,4_SITTING
1249,1_WALKING
571,4_SITTING
6582,3_WALKING_DOWNSTAIRS
1122,3_WALKING_DOWNSTAIRS
3540,1_WALKING
6260,5_STANDING
1193,4_SITTING
439,1_WALKING
6596,3_WALKING_DOWNSTAIRS
3431,5_STANDING
1130,2_WALKING_UPSTAIRS
629,1_WALKING
2389,5_STANDING
2401,5_STANDING
4421,4_SITTING
5166,6_LAYING
6421,3_WALKING_DOWNSTAIRS
5826,3_WALKING_DOWNSTAIRS
3991,5_STANDING
5985,1_WALKING
4564,5_STANDING
5288,5_STANDING
819,3_WALKING_DOWNSTAIRS
4174,2_WALKING_UPSTAIRS
6514,4_SITTING
1550,1_WALKING
2053,2_WALKING_UPSTAIRS
6376,1_WALKING
2182,3_WALKING_DOWNSTAIRS
5026,3_WALKING_DOWNSTAIRS
222,6_LAYING
6006,3_WALKING_DOWNSTAIRS
5819,3_WALKING_DOWNSTAIRS
7182,5_STANDING
1584,3_WALKING_DOWNSTAIRS
535,5_STANDING
1219,6_LAYING
4088,6_LAYING
4492,1_WALKING
5567,6_LAYING
3875,6_LAYING
1056,6_LAYING
4210,5_STANDING
1151,2_WALKING_UPSTAIRS
2342,3_WALKING_DOWNSTAIRS
3194,3_WALKING_DOWNSTAIRS
283,1_WALKING
4391,5_STANDING
5679,5_STANDING
2163,1_WALKING
3405,2_WALKING_UPSTAIRS
5492,5_STANDING
6799,5_STANDING
6827,5_STANDING
327,2_WALKING_UPSTAIRS
477,3_WALKING_DOWNSTAIRS
2417,4_SITTING
1952,6_LAYING
6476,5_STANDING
2655,1_WALKING
379,4_SITTING
6991,5_STANDING
3451,5_STANDING
1287,3_WALKING_DOWNSTAIRS
2066,5_STANDING
4274,6_LAYING
642,3_WALKING_DOWNSTAIRS
5412,1_WALKING
2361,2_WALKING_UPSTAIRS
6336,6_LAYING
1290,2_WALKING_UPSTAIRS
3142,6_LAYING
1596,3_WALKING_DOWNSTAIRS
2621,6_LAYING
3339,6_LAYING
3050,5_STANDING
781,1_WALKING
2318,1_WALKING
117,1_WALKING
7283,1_WALKING
4705,5_STANDING
4528,2_WALKING_UPSTAIRS
4879,2_WALKING_UPSTAIRS
2860,2_WALKING_UPSTAIRS
2618,6_LAYING
4069,6_LAYING
3731,1_WALKING
538,5_STANDING
7074,1_WALKING
4017,4_SITTING
1037,4_SITTING
408,6_LAYING
962,3_WALKING_DOWNSTAIRS
6427,3_WALKING_DOWNSTAIRS
4891,5_STANDING
6171,1_WALKING
6028,2_WALKING_UPSTAIRS
4839,2_WALKING_UPSTAIRS
3031,2_WALKING_UPSTAIRS
3314,6_LAYING
6300,4_SITTING
2912,4_SITTING
6634,5_STANDING
5902,5_STANDING
3849,4_SITTING
1756,2_WALKING_UPSTAIRS
6424,3_WALKING_DOWNSTAIRS
1997,1_WALKING
3412,3_WALKING_DOWNSTAIRS
2712,5_STANDING
612,1_WALKING
2355,2_WALKING_UPSTAIRS
3233,2_WALKING_UPSTAIRS
2168,3_WALKING_DOWNSTAIRS
4604,6_LAYING
5158,6_LAYING
3093,4_SITTING
4413,4_SITTING
5904,4_SITTING
6379,1_WALKING
497,2_WALKING_UPSTAIRS
3150,6_LAYING
4302,6_LAYING
4777,6_LAYING
949,3_WALKING_DOWNSTAIRS
5642,3_WALKING_DOWNSTAIRS
251,1_WALKING
5984,1_WALKING
2713,5_STANDING
6207,3_WALKING_DOWNSTAIRS
835,2_WALKING_UPSTAIRS
3381,3_WALKING_DOWNSTAIRS
5466,2_WALKING_UPSTAIRS
4180,5_STANDING
7229,4_SITTING
977,2_WALKING_UPSTAIRS
5411,1_WALKING
5965,6_LAYING
1860,1_WALKING
5410,1_WALKING
7291,1_WALKING
3288,4_SITTING
6567,1_WALKING
7031,6_LAYING
4243,4_SITTING
6492,4_SITTING
205,4_SITTING
6825,5_STANDING
119,1_WALKING
1920,5_STANDING
3428,5_STANDING
5143,6_LAYING
2377,2_WALKING_UPSTAIRS
473,3_WALKING_DOWNSTAIRS
5500,5_STANDING
6812,5_STANDING
2199,2_WALKING_UPSTAIRS
3408,2_WALKING_UPSTAIRS
4799,1_WALKING
5885,5_STANDING
5831,3_WALKING_DOWNSTAIRS
1723,3_WALKING_DOWNSTAIRS
1017,5_STANDING
1320,5_STANDING
5285,5_STANDING
6195,3_WALKING_DOWNSTAIRS
7003,4_SITTING
220,6_LAYING
2097,4_SITTING
1108,3_WALKING_DOWNSTAIRS
414,6_LAYING
6703,6_LAYING
1004,5_STANDING
4475,1_WALKING
4507,2_WALKING_UPSTAIRS
2224,5_STANDING
1299,2_WALKING_UPSTAIRS
1592,3_WALKING_DOWNSTAIRS
5263,2_WALKING_UPSTAIRS
475,3_WALKING_DOWNSTAIRS
6530,6_LAYING
3874,6_LAYING
5004,1_WALKING
437,1_WALKING
7259,6_LAYING
4974,6_LAYING
3816,5_STANDING
5161,6_LAYING
29,4_SITTING
5429,3_WALKING_DOWNSTAIRS
7319,3_WALKING_DOWNSTAIRS
3615,5_STANDING
6658,4_SITTING
2090,4_SITTING
959,3_WALKING_DOWNSTAIRS
4672,3_WALKING_DOWNSTAIRS
154,2_WALKING_UPSTAIRS
6473,5_STANDING
4911,5_STANDING
4696,5_STANDING
4615,6_LAYING
6466,5_STANDING
1503,4_SITTING
1285,3_WALKING_DOWNSTAIRS
1674,6_LAYING
6975,5_STANDING
4320,1_WALKING
5949,6_LAYING
3507,6_LAYING
5915,4_SITTING
7029,6_LAYING
5342,6_LAYING
4278,6_LAYING
953,3_WALKING_DOWNSTAIRS
3578,2_WALKING_UPSTAIRS
158,2_WALKING_UPSTAIRS
6673,4_SITTING
349,5_STANDING
3294,4_SITTING
3255,5_STANDING
4702,5_STANDING
1810,4_SITTING
6065,5_STANDING
2947,6_LAYING
6937,3_WALKING_DOWNSTAIRS
4048,4_SITTING
2560,5_STANDING
6760,3_WALKING_DOWNSTAIRS
4813,1_WALKING
3822,5_STANDING
5939,4_SITTING
6104,4_SITTING
1717,3_WALKING_DOWNSTAIRS
5404,1_WALKING
4146,2_WALKING_UPSTAIRS
6501,4_SITTING
6554,1_WALKING
495,2_WALKING_UPSTAIRS
6990,5_STANDING
734,4_SITTING
6945,2_WALKING_UPSTAIRS
373,5_STANDING
1075,6_LAYING
4473,1_WALKING
4537,5_STANDING
6121,4_SITTING
5906,4_SITTING
1790,4_SITTING
1330,5_STANDING
5180,1_WALKING
3555,1_WALKING
6940,3_WALKING_DOWNSTAIRS
5334,4_SITTING
4719,5_STANDING
5132,4_SITTING
5282,5_STANDING
1346,4_SITTING
6458,5_STANDING
610,1_WALKING
1815,6_LAYING
5040,2_WALKING_UPSTAIRS
1307,2_WALKING_UPSTAIRS
6984,5_STANDING
5318,4_SITTING
2263,4_SITTING
2931,4_SITTING
3870,6_LAYING
4806,1_WALKING
6591,3_WALKING_DOWNSTAIRS
5229,3_WALKING_DOWNSTAIRS
4726,5_STANDING
2402,5_STANDING
2555,5_STANDING
4958,6_LAYING
2041,2_WALKING_UPSTAIRS
1222,6_LAYING
2623,6_LAYING
5099,5_STANDING
6921,3_WALKING_DOWNSTAIRS
3434,5_STANDING
6784,2_WALKING_UPSTAIRS
5858,2_WALKING_UPSTAIRS
6839,4_SITTING
4921,4_SITTING
2223,5_STANDING
4085,6_LAYING
5147,6_LAYING
1752,2_WALKING_UPSTAIRS
3448,5_STANDING
6183,1_WALKING
7024,4_SITTING
2392,5_STANDING
631,1_WALKING
1919,5_STANDING
1795,4_SITTING
3609,5_STANDING
5767,6_LAYING
1969,6_LAYING
2943,6_LAYING
5323,4_SITTING
6753,3_WALKING_DOWNSTAIRS
2644,1_WALKING
4229,4_SITTING
2373,2_WALKING_UPSTAIRS
6247,5_STANDING
2411,5_STANDING
7063,6_LAYING
334,3_WALKING_DOWNSTAIRS
3881,6_LAYING
2953,6_LAYING
1902,2_WALKING_UPSTAIRS
1751,2_WALKING_UPSTAIRS
4249,4_SITTING
5331,4_SITTING
5460,2_WALKING_UPSTAIRS
1581,3_WALKING_DOWNSTAIRS
3001,3_WALKING_DOWNSTAIRS
1112,3_WALKING_DOWNSTAIRS
4654,1_WALKING
235,4_SITTING
2769,6_LAYING
5109,4_SITTING
2702,2_WALKING_UPSTAIRS
3115,4_SITTING
5779,6_LAYING
4149,2_WALKING_UPSTAIRS
6112,4_SITTING
2633,1_WALKING
1639,5_STANDING
4563,5_STANDING
5250,2_WALKING_UPSTAIRS
4513,2_WALKING_UPSTAIRS
4532,2_WALKING_UPSTAIRS
3226,2_WALKING_UPSTAIRS
3837,4_SITTING
7064,6_LAYING
6611,2_WALKING_UPSTAIRS
5870,5_STANDING
7292,1_WALKING
5339,6_LAYING
5654,2_WALKING_UPSTAIRS
5476,5_STANDING
6768,3_WALKING_DOWNSTAIRS
486,3_WALKING_DOWNSTAIRS
4890,5_STANDING
2271,4_SITTING
2686,2_WALKING_UPSTAIRS
2825,1_WALKING
1038,4_SITTING
924,1_WALKING
3438,5_STANDING
24,5_STANDING
5236,2_WALKING_UPSTAIRS
1481,5_STANDING
6459,5_STANDING
3534,1_WALKING
5859,2_WALKING_UPSTAIRS
1642,5_STANDING
6983,5_STANDING
4387,5_STANDING
1000,5_STANDING
199,5_STANDING
3976,5_STANDING
1335,5_STANDING
1311,2_WALKING_UPSTAIRS
6472,5_STANDING
528,5_STANDING
2305,1_WALKING
5521,4_SITTING
2313,1_WALKING
2152,1_WALKING
5507,5_STANDING
1399,1_WALKING
2691,2_WALKING_UPSTAIRS
6648,5_STANDING
6004,3_WALKING_DOWNSTAIRS
784,1_WALKING
5174,1_WALKING
1240,1_WALKING
2771,6_LAYING
2051,2_WALKING_UPSTAIRS
5046,2_WALKING_UPSTAIRS
2877,5_STANDING
3059,5_STANDING
2446,6_LAYING
3474,4_SITTING
4811,1_WALKING
6327,4_SITTING
1932,4_SITTING
4988,1_WALKING
695,5_STANDING
3642,5_STANDING
4854,3_WALKING_DOWNSTAIRS
2806,1_WALKING
5291,5_STANDING
3433,5_STANDING
5454,2_WALKING_UPSTAIRS
2986,1_WALKING
2237,5_STANDING
4504,3_WALKING_DOWNSTAIRS
3537,1_WALKING
5293,5_STANDING
941,1_WALKING
1244,1_WALKING
7019,4_SITTING
2929,4_SITTING
5304,5_STANDING
5113,4_SITTING
7065,6_LAYING
1473,2_WALKING_UPSTAIRS
1116,3_WALKING_DOWNSTAIRS
4725,5_STANDING
3355,1_WALKING
4071,6_LAYING
1824,6_LAYING
6690,6_LAYING
4092,6_LAYING
4214,5_STANDING
1560,1_WALKING
1874,3_WALKING_DOWNSTAIRS
4206,5_STANDING
3202,3_WALKING_DOWNSTAIRS
4267,6_LAYING
1789,4_SITTING
5620,3_WALKING_DOWNSTAIRS
3217,2_WALKING_UPSTAIRS
6791,2_WALKING_UPSTAIRS
4986,1_WALKING
544,5_STANDING
7090,1_WALKING
3589,2_WALKING_UPSTAIRS
2836,3_WALKING_DOWNSTAIRS
161,2_WALKING_UPSTAIRS
880,4_SITTING
4610,6_LAYING
1986,1_WALKING
7275,1_WALKING
1724,3_WALKING_DOWNSTAIRS
3765,2_WALKING_UPSTAIRS
4123,1_WALKING
3820,5_STANDING
2442,6_LAYING
6727,1_WALKING
4679,2_WALKING_UPSTAIRS
505,2_WALKING_UPSTAIRS
5865,2_WALKING_UPSTAIRS
1036,4_SITTING
3736,1_WALKING
6239,2_WALKING_UPSTAIRS
4549,5_STANDING
1808,4_SITTING
877,4_SITTING
246,6_LAYING
3747,1_WALKING
2491,1_WALKING
3402,3_WALKING_DOWNSTAIRS
198,5_STANDING
6964,2_WALKING_UPSTAIRS
1211,6_LAYING
1972,6_LAYING
5271,5_STANDING
262,1_WALKING
6132,6_LAYING
6619,2_WALKING_UPSTAIRS
622,1_WALKING
5134,4_SITTING
3783,3_WALKING_DOWNSTAIRS
3257,5_STANDING
2827,3_WALKING_DOWNSTAIRS
1778,5_STANDING
5650,2_WALKING_UPSTAIRS
5245,2_WALKING_UPSTAIRS
26,5_STANDING
1569,1_WALKING
6948,2_WALKING_UPSTAIRS
5435,3_WALKING_DOWNSTAIRS
4233,4_SITTING
7162,2_WALKING_UPSTAIRS
368,5_STANDING
4370,2_WALKING_UPSTAIRS
4729,4_SITTING
2462,6_LAYING
1165,5_STANDING
98,1_WALKING
5612,1_WALKING
1627,5_STANDING
5895,5_STANDING
5636,3_WALKING_DOWNSTAIRS
4342,3_WALKING_DOWNSTAIRS
3011,3_WALKING_DOWNSTAIRS
4208,5_STANDING
1491,5_STANDING
1426,3_WALKING_DOWNSTAIRS
5881,5_STANDING
34,4_SITTING
7128,2_WALKING_UPSTAIRS
1675,6_LAYING
4843,2_WALKING_UPSTAIRS
2690,2_WALKING_UPSTAIRS
1798,4_SITTING
6205,3_WALKING_DOWNSTAIRS
7076,1_WALKING
3414,3_WALKING_DOWNSTAIRS
5997,1_WALKING
5889,5_STANDING
5214,3_WALKING_DOWNSTAIRS
5269,2_WALKING_UPSTAIRS
5947,6_LAYING
4230,4_SITTING
5590,6_LAYING
1477,5_STANDING
6637,5_STANDING
6898,1_WALKING
6830,5_STANDING
3903,1_WALKING
194,5_STANDING
2303,1_WALKING
5337,4_SITTING
3851,4_SITTING
2506,3_WALKING_DOWNSTAIRS
5265,2_WALKING_UPSTAIRS
5508,5_STANDING
4200,5_STANDING
2780,6_LAYING
1613,2_WALKING_UPSTAIRS
2698,2_WALKING_UPSTAIRS
4395,5_STANDING
3380,3_WALKING_DOWNSTAIRS
7134,2_WALKING_UPSTAIRS
1174,5_STANDING
5453,2_WALKING_UPSTAIRS
609,6_LAYING
3682,4_SITTING
6625,5_STANDING
735,4_SITTING
3535,1_WALKING
2764,6_LAYING
5811,1_WALKING
1695,1_WALKING
1519,4_SITTING
3718,6_LAYING
3322,6_LAYING
355,5_STANDING
4966,6_LAYING
2079,5_STANDING
372,5_STANDING
5657,2_WALKING_UPSTAIRS
2911,4_SITTING
4457,6_LAYING
4700,5_STANDING
6355,6_LAYING
5373,6_LAYING
2965,6_LAYING
300,3_WALKING_DOWNSTAIRS
4659,3_WALKING_DOWNSTAIRS
5527,4_SITTING
697,5_STANDING
4078,6_LAYING
6116,4_SITTING
3283,4_SITTING
1879,3_WALKING_DOWNSTAIRS
5742,6_LAYING
4778,6_LAYING
4633,1_WALKING
6539,6_LAYING
7085,1_WALKING
6364,6_LAYING
4368,2_WALKING_UPSTAIRS
6826,5_STANDING
1394,6_LAYING
3118,4_SITTING
4062,6_LAYING
5127,4_SITTING
543,5_STANDING
6406,3_WALKING_DOWNSTAIRS
2908,4_SITTING
5951,6_LAYING
2254,4_SITTING
2603,6_LAYING
6624,2_WALKING_UPSTAIRS
5857,3_WALKING_DOWNSTAIRS
2812,1_WALKING
1079,1_WALKING
1364,4_SITTING
3357,1_WALKING
381,4_SITTING
782,1_WALKING
27,4_SITTING
5621,3_WALKING_DOWNSTAIRS
3478,4_SITTING
3163,6_LAYING
692,5_STANDING
6669,4_SITTING
2335,3_WALKING_DOWNSTAIRS
4597,6_LAYING
2895,5_STANDING
4059,6_LAYING
4306,1_WALKING
1929,4_SITTING
5695,5_STANDING
5674,5_STANDING
6995,5_STANDING
1506,4_SITTING
1777,5_STANDING
5459,2_WALKING_UPSTAIRS
217,6_LAYING
1420,1_WALKING
2797,6_LAYING
4526,3_WALKING_DOWNSTAIRS
2996,1_WALKING
4173,2_WALKING_UPSTAIRS
2609,6_LAYING
2210,2_WALKING_UPSTAIRS
4469,6_LAYING
6468,5_STANDING
3010,3_WALKING_DOWNSTAIRS
930,1_WALKING
6371,1_WALKING
6348,6_LAYING
3666,4_SITTING
4960,6_LAYING
7165,2_WALKING_UPSTAIRS
4665,3_WALKING_DOWNSTAIRS
5419,3_WALKING_DOWNSTAIRS
3940,2_WALKING_UPSTAIRS
7061,6_LAYING
2321,1_WALKING
1645,4_SITTING
5959,6_LAYING
2648,1_WALKING
179,5_STANDING
3707,6_LAYING
854,5_STANDING
3828,4_SITTING
521,2_WALKING_UPSTAIRS
1102,1_WALKING
5671,2_WALKING_UPSTAIRS
639,3_WALKING_DOWNSTAIRS
6989,5_STANDING
4034,4_SITTING
4182,5_STANDING
3531,1_WALKING
4137,3_WALKING_DOWNSTAIRS
3456,5_STANDING
3686,6_LAYING
4876,2_WALKING_UPSTAIRS
2513,3_WALKING_DOWNSTAIRS
1898,2_WALKING_UPSTAIRS
2753,4_SITTING
2304,1_WALKING
6383,1_WALKING
2688,2_WALKING_UPSTAIRS
5796,1_WALKING
6321,4_SITTING
1020,4_SITTING
2228,5_STANDING
1912,5_STANDING
4722,5_STANDING
3421,2_WALKING_UPSTAIRS
7310,3_WALKING_DOWNSTAIRS
7143,2_WALKING_UPSTAIRS
615,1_WALKING
3580,2_WALKING_UPSTAIRS
5463,2_WALKING_UPSTAIRS
1740,2_WALKING_UPSTAIRS
2855,2_WALKING_UPSTAIRS
1696,1_WALKING
2632,1_WALKING
6505,4_SITTING
5938,4_SITTING
5032,3_WALKING_DOWNSTAIRS
4287,6_LAYING
2311,1_WALKING
1679,6_LAYING
272,1_WALKING
2673,3_WALKING_DOWNSTAIRS
469,3_WALKING_DOWNSTAIRS
1084,1_WALKING
284,1_WALKING
6798,2_WALKING_UPSTAIRS
2927,4_SITTING
3640,5_STANDING
2945,6_LAYING
2099,4_SITTING
4990,1_WALKING
671,2_WALKING_UPSTAIRS
2495,3_WALKING_DOWNSTAIRS
7243,6_LAYING
1924,5_STANDING
3276,5_STANDING
4035,4_SITTING
2613,6_LAYING
6118,4_SITTING
1467,2_WALKING_UPSTAIRS
2317,1_WALKING
5989,1_WALKING
4589,4_SITTING
4849,3_WALKING_DOWNSTAIRS
4724,5_STANDING
4256,4_SITTING
1835,6_LAYING
6082,5_STANDING
851,5_STANDING
184,5_STANDING
4074,6_LAYING
5169,6_LAYING
3038,2_WALKING_UPSTAIRS
6201,3_WALKING_DOWNSTAIRS
6,5_STANDING
2273,4_SITTING
3802,5_STANDING
5849,2_WALKING_UPSTAIRS
4333,3_WALKING_DOWNSTAIRS
1401,1_WALKING
7264,1_WALKING
5353,6_LAYING
4103,1_WALKING
3692,6_LAYING
10,5_STANDING
218,6_LAYING
2316,1_WALKING
1866,3_WALKING_DOWNSTAIRS
443,1_WALKING
7115,3_WALKING_DOWNSTAIRS
1928,4_SITTING
3062,5_STANDING
7130,2_WALKING_UPSTAIRS
1085,1_WALKING
7054,6_LAYING
4335,3_WALKING_DOWNSTAIRS
1436,3_WALKING_DOWNSTAIRS
130,3_WALKING_DOWNSTAIRS
2656,1_WALKING
431,6_LAYING
4538,5_STANDING
5873,5_STANDING
4134,3_WALKING_DOWNSTAIRS
7073,1_WALKING
1510,4_SITTING
2737,4_SITTING
5321,4_SITTING
3864,6_LAYING
4566,5_STANDING
357,5_STANDING
3610,5_STANDING
7028,6_LAYING
6903,1_WALKING
1305,2_WALKING_UPSTAIRS
3909,1_WALKING
4621,6_LAYING
2436,4_SITTING
6194,1_WALKING
1570,1_WALKING
569,4_SITTING
5199,1_WALKING
5677,5_STANDING
4242,4_SITTING
2285,6_LAYING
2018,3_WALKING_DOWNSTAIRS
2826,3_WALKING_DOWNSTAIRS
4104,1_WALKING
4521,3_WALKING_DOWNSTAIRS
1472,2_WALKING_UPSTAIRS
1966,6_LAYING
4276,6_LAYING
2909,4_SITTING
3159,6_LAYING
463,1_WALKING
926,1_WALKING
6684,6_LAYING
3321,6_LAYING
2878,5_STANDING
4299,6_LAYING
68,6_LAYING
1463,2_WALKING_UPSTAIRS
7241,6_LAYING
668,2_WALKING_UPSTAIRS
1915,5_STANDING
6089,5_STANDING
5784,1_WALKING
23,5_STANDING
4072,6_LAYING
2121,6_LAYING
736,4_SITTING
5058,2_WALKING_UPSTAIRS
2913,4_SITTING
3476,4_SITTING
3317,6_LAYING
5255,2_WALKING_UPSTAIRS
4022,4_SITTING
3932,3_WALKING_DOWNSTAIRS
3323,6_LAYING
4334,3_WALKING_DOWNSTAIRS
752,6_LAYING
104,1_WALKING
2075,5_STANDING
3626,5_STANDING
3823,5_STANDING
1070,6_LAYING
2014,3_WALKING_DOWNSTAIRS
5188,1_WALKING
7242,6_LAYING
1910,5_STANDING
7102,3_WALKING_DOWNSTAIRS
5823,3_WALKING_DOWNSTAIRS
850,5_STANDING
51,6_LAYING
1393,6_LAYING
2325,1_WALKING
3510,6_LAYING
5369,6_LAYING
2262,4_SITTING
5680,5_STANDING
844,2_WALKING_UPSTAIRS
1985,1_WALKING
2036,2_WALKING_UPSTAIRS
3730,1_WALKING
5364,6_LAYING
5106,4_SITTING
3772,2_WALKING_UPSTAIRS
3353,1_WALKING
2961,6_LAYING
2853,2_WALKING_UPSTAIRS
3024,2_WALKING_UPSTAIRS
4816,1_WALKING
1805,4_SITTING
942,1_WALKING
2651,1_WALKING
1293,2_WALKING_UPSTAIRS
1523,6_LAYING
5498,5_STANDING
35,4_SITTING
4695,5_STANDING
932,1_WALKING
1786,5_STANDING
1266,3_WALKING_DOWNSTAIRS
5702,5_STANDING
476,3_WALKING_DOWNSTAIRS
4894,5_STANDING
4305,1_WALKING
2471,1_WALKING
273,1_WALKING
937,1_WALKING
2349,3_WALKING_DOWNSTAIRS
5449,2_WALKING_UPSTAIRS
2666,3_WALKING_DOWNSTAIRS
4748,4_SITTING
4949,6_LAYING
5704,5_STANDING
6893,6_LAYING
878,4_SITTING
4557,5_STANDING
4721,5_STANDING
1968,6_LAYING
6570,1_WALKING
5713,4_SITTING
2046,2_WALKING_UPSTAIRS
411,6_LAYING
3513,6_LAYING
7321,3_WALKING_DOWNSTAIRS
4667,3_WALKING_DOWNSTAIRS
2743,4_SITTING
5905,4_SITTING
353,5_STANDING
7222,4_SITTING
3616,5_STANDING
4239,4_SITTING
2738,4_SITTING
1184,4_SITTING
3959,2_WALKING_UPSTAIRS
6032,2_WALKING_UPSTAIRS
4176,5_STANDING
4498,3_WALKING_DOWNSTAIRS
3553,1_WALKING
2052,2_WALKING_UPSTAIRS
6599,3_WALKING_DOWNSTAIRS
4158,2_WALKING_UPSTAIRS
1268,3_WALKING_DOWNSTAIRS
5896,5_STANDING
452,1_WALKING
1743,2_WALKING_UPSTAIRS
5692,5_STANDING
5082,5_STANDING
5988,1_WALKING
1940,4_SITTING
725,4_SITTING
1156,5_STANDING
703,5_STANDING
386,4_SITTING
5862,2_WALKING_UPSTAIRS
1492,5_STANDING
6026,2_WALKING_UPSTAIRS
6265,5_STANDING
5927,4_SITTING
2939,6_LAYING
2272,4_SITTING
3933,3_WALKING_DOWNSTAIRS
2150,1_WALKING
3426,2_WALKING_UPSTAIRS
4115,1_WALKING
6372,1_WALKING
1703,1_WALKING
62,6_LAYING
3944,2_WALKING_UPSTAIRS
1148,2_WALKING_UPSTAIRS
5347,6_LAYING
1342,5_STANDING
2364,2_WALKING_UPSTAIRS
1541,6_LAYING
6671,4_SITTING
5792,1_WALKING
6834,4_SITTING
1669,6_LAYING
347,5_STANDING
1998,1_WALKING
6829,5_STANDING
1418,1_WALKING
3238,5_STANDING
6985,5_STANDING
5805,1_WALKING
6946,2_WALKING_UPSTAIRS
545,5_STANDING
3957,3_WALKING_DOWNSTAIRS
4694,5_STANDING
5195,1_WALKING
5095,5_STANDING
2657,1_WALKING
716,4_SITTING
1827,6_LAYING
7299,3_WALKING_DOWNSTAIRS
1231,6_LAYING
4936,4_SITTING
4083,6_LAYING
1726,3_WALKING_DOWNSTAIRS
430,6_LAYING
4422,4_SITTING
3745,1_WALKING
2677,3_WALKING_DOWNSTAIRS
2705,5_STANDING
6892,6_LAYING
2383,5_STANDING
2818,1_WALKING
1166,5_STANDING
1083,1_WALKING
3898,6_LAYING
4887,5_STANDING
754,6_LAYING
1370,6_LAYING
1494,5_STANDING
3345,6_LAYING
2339,3_WALKING_DOWNSTAIRS
3947,2_WALKING_UPSTAIRS
1341,5_STANDING
3396,3_WALKING_DOWNSTAIRS
570,4_SITTING
458,1_WALKING
5137,6_LAYING
5013,3_WALKING_DOWNSTAIRS
6529,6_LAYING
5732,4_SITTING
3857,4_SITTING
4383,5_STANDING
5526,4_SITTING
5814,1_WALKING
444,1_WALKING
5725,4_SITTING
5077,5_STANDING
1381,6_LAYING
5662,2_WALKING_UPSTAIRS
4821,1_WALKING
3536,1_WALKING
323,2_WALKING_UPSTAIRS
1348,4_SITTING
1129,3_WALKING_DOWNSTAIRS
4406,4_SITTING
3733,1_WALKING
4517,2_WALKING_UPSTAIRS
7109,3_WALKING_DOWNSTAIRS
3173,1_WALKING
6716,6_LAYING
7252,6_LAYING
288,1_WALKING
3697,6_LAYING
7035,6_LAYING
2779,6_LAYING
4499,3_WALKING_DOWNSTAIRS
5807,1_WALKING
4223,4_SITTING
3815,5_STANDING
595,6_LAYING
5133,4_SITTING
3547,1_WALKING
2593,4_SITTING
6174,1_WALKING
5658,2_WALKING_UPSTAIRS
6276,5_STANDING
4467,6_LAYING
573,4_SITTING
865,5_STANDING
4925,4_SITTING
3284,4_SITTING
4412,4_SITTING
4201,5_STANDING
3996,5_STANDING
5154,6_LAYING
7324,2_WALKING_UPSTAIRS
1405,1_WALKING
4807,1_WALKING
1241,1_WALKING
5760,6_LAYING
3960,2_WALKING_UPSTAIRS
3877,6_LAYING
4636,1_WALKING
1447,3_WALKING_DOWNSTAIRS
4351,2_WALKING_UPSTAIRS
3592,2_WALKING_UPSTAIRS
1178,5_STANDING
5228,3_WALKING_DOWNSTAIRS
7288,1_WALKING
7032,6_LAYING
4316,1_WALKING
3915,1_WALKING
4228,4_SITTING
511,2_WALKING_UPSTAIRS
6986,5_STANDING
6565,1_WALKING
6308,4_SITTING
2114,6_LAYING
5200,1_WALKING
1517,4_SITTING
4614,6_LAYING
7021,4_SITTING
4178,5_STANDING
2376,2_WALKING_UPSTAIRS
3768,2_WALKING_UPSTAIRS
1155,2_WALKING_UPSTAIRS
989,2_WALKING_UPSTAIRS
5644,2_WALKING_UPSTAIRS
5168,6_LAYING
2919,4_SITTING
4820,1_WALKING
5976,1_WALKING
5213,3_WALKING_DOWNSTAIRS
5569,6_LAYING
7273,1_WALKING
761,6_LAYING
4140,3_WALKING_DOWNSTAIRS
6535,6_LAYING
1887,2_WALKING_UPSTAIRS
6650,5_STANDING
5780,6_LAYING
317,2_WALKING_UPSTAIRS
6296,4_SITTING
6221,2_WALKING_UPSTAIRS
847,5_STANDING
3232,2_WALKING_UPSTAIRS
606,6_LAYING
4684,2_WALKING_UPSTAIRS
2463,6_LAYING
5726,4_SITTING
541,5_STANDING
5943,6_LAYING
295,1_WALKING
3014,3_WALKING_DOWNSTAIRS
4435,6_LAYING
563,4_SITTING
5135,4_SITTING
3987,5_STANDING
5759,6_LAYING
3821,5_STANDING
2345,3_WALKING_DOWNSTAIRS
5398,1_WALKING
1533,6_LAYING
3710,6_LAYING
4049,4_SITTING
2141,1_WALKING
50,4_SITTING
4798,1_WALKING
637,3_WALKING_DOWNSTAIRS
3487,4_SITTING
3269,5_STANDING
3845,4_SITTING
5869,5_STANDING
3994,5_STANDING
5734,4_SITTING
2422,4_SITTING
7297,3_WALKING_DOWNSTAIRS
1884,2_WALKING_UPSTAIRS
6079,5_STANDING
4529,2_WALKING_UPSTAIRS
5150,6_LAYING
1233,6_LAYING
6623,2_WALKING_UPSTAIRS
5839,2_WALKING_UPSTAIRS
5720,4_SITTING
7188,5_STANDING
2717,5_STANDING
925,1_WALKING
3759,3_WALKING_DOWNSTAIRS
3391,2_WALKING_UPSTAIRS
1048,4_SITTING
4167,3_WALKING_DOWNSTAIRS
3340,6_LAYING
5092,5_STANDING
2470,1_WALKING
2982,1_WALKING
6556,1_WALKING
6003,1_WALKING
6022,3_WALKING_DOWNSTAIRS
6588,3_WALKING_DOWNSTAIRS
7046,6_LAYING
5261,2_WALKING_UPSTAIRS
4962,6_LAYING
1633,5_STANDING
2668,3_WALKING_DOWNSTAIRS
2356,2_WALKING_UPSTAIRS
542,5_STANDING
638,3_WALKING_DOWNSTAIRS
3033,2_WALKING_UPSTAIRS
1937,4_SITTING
2516,2_WALKING_UPSTAIRS
2278,6_LAYING
314,2_WALKING_UPSTAIRS
4237,4_SITTING
562,4_SITTING
3166,1_WALKING
457,1_WALKING
3872,6_LAYING
4852,3_WALKING_DOWNSTAIRS
6701,6_LAYING
7317,3_WALKING_DOWNSTAIRS
2889,5_STANDING
2786,6_LAYING
176,5_STANDING
3552,1_WALKING
2830,3_WALKING_DOWNSTAIRS
6543,6_LAYING
207,4_SITTING
7107,3_WALKING_DOWNSTAIRS
4250,4_SITTING
1765,5_STANDING
929,1_WALKING
5461,2_WALKING_UPSTAIRS
4163,3_WALKING_DOWNSTAIRS
3367,1_WALKING
6035,2_WALKING_UPSTAIRS
4631,6_LAYING
204,4_SITTING
2000,1_WALKING
3091,5_STANDING
6042,2_WALKING_UPSTAIRS
6803,5_STANDING
1355,4_SITTING
2748,4_SITTING
6306,4_SITTING
2390,5_STANDING
4987,1_WALKING
6434,2_WALKING_UPSTAIRS
5655,2_WALKING_UPSTAIRS
1051,6_LAYING
1224,6_LAYING
2217,2_WALKING_UPSTAIRS
6681,4_SITTING
1167,5_STANDING
6168,1_WALKING
406,6_LAYING
5076,5_STANDING
6659,4_SITTING
5252,2_WALKING_UPSTAIRS
1088,1_WALKING
3608,5_STANDING
3613,5_STANDING
5242,2_WALKING_UPSTAIRS
7040,6_LAYING
548,5_STANDING
5096,5_STANDING
5529,4_SITTING
6786,2_WALKING_UPSTAIRS
4764,4_SITTING
2055,2_WALKING_UPSTAIRS
2241,5_STANDING
6531,6_LAYING
2246,5_STANDING
5278,5_STANDING
1648,4_SITTING
4086,6_LAYING
5227,3_WALKING_DOWNSTAIRS
1283,3_WALKING_DOWNSTAIRS
5237,2_WALKING_UPSTAIRS
5755,6_LAYING
2918,4_SITTING
5448,2_WALKING_UPSTAIRS
2847,2_WALKING_UPSTAIRS
3669,4_SITTING
128,3_WALKING_DOWNSTAIRS
7277,1_WALKING
1380,6_LAYING
2184,3_WALKING_DOWNSTAIRS
1159,5_STANDING
5280,5_STANDING
4131,3_WALKING_DOWNSTAIRS
7238,6_LAYING
6746,1_WALKING
181,5_STANDING
6879,6_LAYING
3278,5_STANDING
3952,2_WALKING_UPSTAIRS
6186,1_WALKING
4465,6_LAYING
2647,1_WALKING
3684,6_LAYING
2875,5_STANDING
4106,1_WALKING
2787,6_LAYING
5024,3_WALKING_DOWNSTAIRS
4752,4_SITTING
4419,4_SITTING
1722,3_WALKING_DOWNSTAIRS
307,2_WALKING_UPSTAIRS
7214,4_SITTING
3193,3_WALKING_DOWNSTAIRS
2739,4_SITTING
618,1_WALKING
4408,4_SITTING
2549,5_STANDING
549,5_STANDING
5890,5_STANDING
2279,6_LAYING
833,2_WALKING_UPSTAIRS
6166,1_WALKING
2597,6_LAYING
826,2_WALKING_UPSTAIRS
6622,2_WALKING_UPSTAIRS
6398,1_WALKING
6736,1_WALKING
1190,4_SITTING
2083,5_STANDING
5883,5_STANDING
1744,2_WALKING_UPSTAIRS
5088,5_STANDING
6457,5_STANDING
3541,1_WALKING
6061,5_STANDING
1684,6_LAYING
4441,6_LAYING
163,2_WALKING_UPSTAIRS
6402,3_WALKING_DOWNSTAIRS
3143,6_LAYING
1773,5_STANDING
3501,6_LAYING
911,6_LAYING
3859,4_SITTING
121,1_WALKING
7105,3_WALKING_DOWNSTAIRS
3164,6_LAYING
6410,2_WALKING_UPSTAIRS
1280,3_WALKING_DOWNSTAIRS
5284,5_STANDING
2243,5_STANDING
3134,6_LAYING
2538,2_WALKING_UPSTAIRS
995,5_STANDING
3265,5_STANDING
434,1_WALKING
2849,2_WALKING_UPSTAIRS
4308,1_WALKING
6360,6_LAYING
4501,3_WALKING_DOWNSTAIRS
1186,4_SITTING
1573,1_WALKING
3444,5_STANDING
7068,1_WALKING
3925,1_WALKING
6884,6_LAYING
6821,5_STANDING
3393,2_WALKING_UPSTAIRS
6122,4_SITTING
180,5_STANDING
5313,4_SITTING
6290,4_SITTING
979,2_WALKING_UPSTAIRS
6041,2_WALKING_UPSTAIRS
3678,4_SITTING
3419,2_WALKING_UPSTAIRS
7198,5_STANDING
6961,2_WALKING_UPSTAIRS
5777,6_LAYING
313,2_WALKING_UPSTAIRS
1201,4_SITTING
3119,4_SITTING
1149,2_WALKING_UPSTAIRS
7323,2_WALKING_UPSTAIRS
191,5_STANDING
3779,3_WALKING_DOWNSTAIRS
3106,4_SITTING
731,4_SITTING
2770,6_LAYING
7177,5_STANDING
2789,6_LAYING
2917,4_SITTING
3035,2_WALKING_UPSTAIRS
5357,6_LAYING
1,5_STANDING
2174,3_WALKING_DOWNSTAIRS
4578,4_SITTING
1141,2_WALKING_UPSTAIRS
4525,3_WALKING_DOWNSTAIRS
3921,1_WALKING
1413,1_WALKING
6710,6_LAYING
988,2_WALKING_UPSTAIRS
2886,5_STANDING
7086,1_WALKING
5948,6_LAYING
7181,5_STANDING
5114,4_SITTING
7002,4_SITTING
1780,5_STANDING
5776,6_LAYING
4150,2_WALKING_UPSTAIRS
7043,6_LAYING
7062,6_LAYING
1462,2_WALKING_UPSTAIRS
5898,5_STANDING
889,4_SITTING
4873,2_WALKING_UPSTAIRS
6188,1_WALKING
1144,2_WALKING_UPSTAIRS
1025,4_SITTING
2388,5_STANDING
6526,6_LAYING
846,2_WALKING_UPSTAIRS
2579,4_SITTING
4428,4_SITTING
3764,3_WALKING_DOWNSTAIRS
524,5_STANDING
3026,2_WALKING_UPSTAIRS
5838,2_WALKING_UPSTAIRS
746,6_LAYING
6568,1_WALKING
4948,6_LAYING
1903,2_WALKING_UPSTAIRS
5615,1_WALKING
1528,6_LAYING
4997,1_WALKING
2963,6_LAYING
2539,2_WALKING_UPSTAIRS
1918,5_STANDING
1301,2_WALKING_UPSTAIRS
3350,1_WALKING
2540,2_WALKING_UPSTAIRS
5012,1_WALKING
425,6_LAYING
764,6_LAYING
2265,4_SITTING
3576,2_WALKING_UPSTAIRS
4503,3_WALKING_DOWNSTAIRS
3127,4_SITTING
305,2_WALKING_UPSTAIRS
1191,4_SITTING
6761,3_WALKING_DOWNSTAIRS
2832,3_WALKING_DOWNSTAIRS
1449,3_WALKING_DOWNSTAIRS
6162,6_LAYING
2017,3_WALKING_DOWNSTAIRS
2790,6_LAYING
3225,2_WALKING_UPSTAIRS
3277,5_STANDING
5426,3_WALKING_DOWNSTAIRS
6150,6_LAYING
1628,5_STANDING
3581,2_WALKING_UPSTAIRS
5399,1_WALKING
6481,5_STANDING
916,6_LAYING
1837,6_LAYING
6241,2_WALKING_UPSTAIRS
5065,2_WALKING_UPSTAIRS
2907,4_SITTING
3316,6_LAYING
4551,5_STANDING
4382,5_STANDING
4660,3_WALKING_DOWNSTAIRS
4573,4_SITTING
1563,1_WALKING
4657,3_WALKING_DOWNSTAIRS
7080,1_WALKING
2203,2_WALKING_UPSTAIRS
2366,2_WALKING_UPSTAIRS
6149,6_LAYING
5267,2_WALKING_UPSTAIRS
5688,5_STANDING
3185,1_WALKING
5176,1_WALKING
6058,5_STANDING
4861,2_WALKING_UPSTAIRS
3914,1_WALKING
2932,4_SITTING
5071,5_STANDING
342,3_WALKING_DOWNSTAIRS
3748,1_WALKING
7018,4_SITTING
4640,1_WALKING
6040,2_WALKING_UPSTAIRS
6252,5_STANDING
4844,2_WALKING_UPSTAIRS
5491,5_STANDING
2472,1_WALKING
6550,6_LAYING
5270,2_WALKING_UPSTAIRS
715,5_STANDING
2991,1_WALKING
3449,5_STANDING
5485,5_STANDING
7127,2_WALKING_UPSTAIRS
3117,4_SITTING
6890,6_LAYING
2118,6_LAYING
7136,2_WALKING_UPSTAIRS
2115,6_LAYING
2683,2_WALKING_UPSTAIRS
3530,1_WALKING
1971,6_LAYING
3594,2_WALKING_UPSTAIRS
330,3_WALKING_DOWNSTAIRS
3630,5_STANDING
7079,1_WALKING
5910,4_SITTING
7081,1_WALKING
1504,4_SITTING
4232,4_SITTING
5006,1_WALKING
1170,5_STANDING
5884,5_STANDING
5489,5_STANDING
421,6_LAYING
2484,1_WALKING
4390,5_STANDING
4293,6_LAYING
3667,4_SITTING
1796,4_SITTING
6494,4_SITTING
867,5_STANDING
2575,4_SITTING
6638,5_STANDING
2709,5_STANDING
7298,3_WALKING_DOWNSTAIRS
1027,4_SITTING
2950,6_LAYING
2399,5_STANDING
4978,6_LAYING
4841,2_WALKING_UPSTAIRS
2533,2_WALKING_UPSTAIRS
1276,3_WALKING_DOWNSTAIRS
7247,6_LAYING
6874,6_LAYING
6390,1_WALKING
5384,1_WALKING
6282,5_STANDING
892,4_SITTING
2164,1_WALKING
607,6_LAYING
2136,6_LAYING
2751,4_SITTING
751,6_LAYING
4708,5_STANDING
6103,4_SITTING
4765,6_LAYING
4828,3_WALKING_DOWNSTAIRS
3769,2_WALKING_UPSTAIRS
2426,4_SITTING
1227,6_LAYING
3334,6_LAYING
61,6_LAYING
5667,2_WALKING_UPSTAIRS
203,4_SITTING
3567,3_WALKING_DOWNSTAIRS
6187,1_WALKING
4662,3_WALKING_DOWNSTAIRS
3199,3_WALKING_DOWNSTAIRS
7347,2_WALKING_UPSTAIRS
6101,4_SITTING
1024,4_SITTING
5946,6_LAYING
4522,3_WALKING_DOWNSTAIRS
4540,5_STANDING
4495,3_WALKING_DOWNSTAIRS
5045,2_WALKING_UPSTAIRS
4403,4_SITTING
559,4_SITTING
3320,6_LAYING
5641,3_WALKING_DOWNSTAIRS
1617,2_WALKING_UPSTAIRS
1331,5_STANDING
6386,1_WALKING
991,5_STANDING
1124,3_WALKING_DOWNSTAIRS
6088,5_STANDING
978,2_WALKING_UPSTAIRS
1185,4_SITTING
7153,3_WALKING_DOWNSTAIRS
6214,3_WALKING_DOWNSTAIRS
1505,4_SITTING
5745,6_LAYING
1890,2_WALKING_UPSTAIRS
3080,5_STANDING
3180,1_WALKING
4620,6_LAYING
4629,6_LAYING
6924,3_WALKING_DOWNSTAIRS
4952,6_LAYING
2478,1_WALKING
5581,6_LAYING
100,1_WALKING
4688,2_WALKING_UPSTAIRS
3750,1_WALKING
6049,2_WALKING_UPSTAIRS
7329,2_WALKING_UPSTAIRS
2149,1_WALKING
2214,2_WALKING_UPSTAIRS
2980,1_WALKING
5740,4_SITTING
2288,6_LAYING
1718,3_WALKING_DOWNSTAIRS
2804,1_WALKING
4397,5_STANDING
5301,5_STANDING
1034,4_SITTING
4598,6_LAYING
1543,6_LAYING
2876,5_STANDING
4543,5_STANDING
2059,5_STANDING
4100,6_LAYING
3749,1_WALKING
1561,1_WALKING
6055,5_STANDING
1588,3_WALKING_DOWNSTAIRS
4139,3_WALKING_DOWNSTAIRS
6749,1_WALKING
6849,4_SITTING
4572,4_SITTING
3679,4_SITTING
3392,2_WALKING_UPSTAIRS
3492,4_SITTING
7246,6_LAYING
1077,1_WALKING
1119,3_WALKING_DOWNSTAIRS
404,6_LAYING
5842,2_WALKING_UPSTAIRS
694,5_STANDING
1319,5_STANDING
4108,1_WALKING
4918,4_SITTING
5737,4_SITTING
2380,2_WALKING_UPSTAIRS
1750,2_WALKING_UPSTAIRS
3206,3_WALKING_DOWNSTAIRS
2782,6_LAYING
2585,4_SITTING
4687,2_WALKING_UPSTAIRS
173,2_WALKING_UPSTAIRS
3974,5_STANDING
3,5_STANDING
3521,6_LAYING
6899,1_WALKING
2942,6_LAYING
3880,6_LAYING
5539,4_SITTING
6436,2_WALKING_UPSTAIRS
3838,4_SITTING
6633,5_STANDING
4195,5_STANDING
6695,6_LAYING
2479,1_WALKING
1830,6_LAYING
2978,1_WALKING
1153,2_WALKING_UPSTAIRS
5955,6_LAYING
4487,1_WALKING
166,2_WALKING_UPSTAIRS
3878,6_LAYING
5173,1_WALKING
4133,3_WALKING_DOWNSTAIRS
6915,1_WALKING
686,2_WALKING_UPSTAIRS
7276,1_WALKING
7257,6_LAYING
6522,6_LAYING
1877,3_WALKING_DOWNSTAIRS
5930,4_SITTING
4011,4_SITTING
706,5_STANDING
7176,5_STANDING
360,5_STANDING
4554,5_STANDING
7161,2_WALKING_UPSTAIRS
6396,1_WALKING
7258,6_LAYING
4819,1_WALKING
2019,3_WALKING_DOWNSTAIRS
6422,3_WALKING_DOWNSTAIRS
2726,5_STANDING
2870,2_WALKING_UPSTAIRS
4394,5_STANDING
1733,3_WALKING_DOWNSTAIRS
165,2_WALKING_UPSTAIRS
1055,6_LAYING
474,3_WALKING_DOWNSTAIRS
3945,2_WALKING_UPSTAIRS
1234,6_LAYING
861,5_STANDING
982,2_WALKING_UPSTAIRS
4459,6_LAYING
4829,3_WALKING_DOWNSTAIRS
2820,1_WALKING
6573,1_WALKING
805,3_WALKING_DOWNSTAIRS
4296,6_LAYING
6490,4_SITTING
6802,5_STANDING
2060,5_STANDING
4951,6_LAYING
840,2_WALKING_UPSTAIRS
3729,1_WALKING
2117,6_LAYING
922,1_WALKING
4546,5_STANDING
6828,5_STANDING
2921,4_SITTING
1392,6_LAYING
5647,2_WALKING_UPSTAIRS
1347,4_SITTING
3360,1_WALKING
2744,4_SITTING
6011,3_WALKING_DOWNSTAIRS
2577,4_SITTING
496,2_WALKING_UPSTAIRS
3203,3_WALKING_DOWNSTAIRS
3442,5_STANDING
1688,6_LAYING
4823,1_WALKING
5467,2_WALKING_UPSTAIRS
3657,4_SITTING
2879,5_STANDING
4835,3_WALKING_DOWNSTAIRS
7220,4_SITTING
6401,3_WALKING_DOWNSTAIRS
316,2_WALKING_UPSTAIRS
985,2_WALKING_UPSTAIRS
2882,5_STANDING
5646,2_WALKING_UPSTAIRS
2204,2_WALKING_UPSTAIRS
660,3_WALKING_DOWNSTAIRS
5090,5_STANDING
4295,6_LAYING
5543,4_SITTING
641,3_WALKING_DOWNSTAIRS
6757,3_WALKING_DOWNSTAIRS
2004,1_WALKING
6566,1_WALKING
356,5_STANDING
5479,5_STANDING
4637,1_WALKING
755,6_LAYING
1464,2_WALKING_UPSTAIRS
4294,6_LAYING
1082,1_WALKING
422,6_LAYING
1414,1_WALKING
5436,3_WALKING_DOWNSTAIRS
366,5_STANDING
667,2_WALKING_UPSTAIRS
4482,1_WALKING
6913,1_WALKING
6144,6_LAYING
4691,2_WALKING_UPSTAIRS
1963,6_LAYING
7137,2_WALKING_UPSTAIRS
2732,4_SITTING
5891,5_STANDING
4553,5_STANDING
4912,5_STANDING
5112,4_SITTING
2043,2_WALKING_UPSTAIRS
3687,6_LAYING
3136,6_LAYING
3705,6_LAYING
6844,4_SITTING
6129,6_LAYING
5616,1_WALKING
4304,1_WALKING
6723,6_LAYING
5011,1_WALKING
939,1_WALKING
1931,4_SITTING
4602,6_LAYING
2755,4_SITTING
1340,5_STANDING
1134,2_WALKING_UPSTAIRS
3532,1_WALKING
4930,4_SITTING
6159,6_LAYING
896,6_LAYING
1271,3_WALKING_DOWNSTAIRS
5349,6_LAYING
4734,4_SITTING
7301,3_WALKING_DOWNSTAIRS
3962,2_WALKING_UPSTAIRS
3373,1_WALKING
4371,2_WALKING_UPSTAIRS
3867,6_LAYING
927,1_WALKING
2123,6_LAYING
2617,6_LAYING
478,3_WALKING_DOWNSTAIRS
4723,5_STANDING
3737,1_WALKING
6393,1_WALKING
6949,2_WALKING_UPSTAIRS
4568,4_SITTING
3625,5_STANDING
557,4_SITTING
6657,4_SITTING
2642,1_WALKING
5197,1_WALKING
4384,5_STANDING
6709,6_LAYING
7268,1_WALKING
2928,4_SITTING
683,2_WALKING_UPSTAIRS
5940,6_LAYING
4628,6_LAYING
2652,1_WALKING
5298,5_STANDING
1742,2_WALKING_UPSTAIRS
6744,1_WALKING
3674,4_SITTING
492,2_WALKING_UPSTAIRS
3502,6_LAYING
4018,4_SITTING
7199,5_STANDING
718,4_SITTING
5605,1_WALKING
1445,3_WALKING_DOWNSTAIRS
1701,1_WALKING
2926,4_SITTING
4955,6_LAYING
3114,4_SITTING
3738,1_WALKING
5775,6_LAYING
6631,5_STANDING
3894,6_LAYING
3273,5_STANDING
1609,2_WALKING_UPSTAIRS
2195,2_WALKING_UPSTAIRS
2650,1_WALKING
6519,6_LAYING
155,2_WALKING_UPSTAIRS
64,6_LAYING
6855,4_SITTING
1945,4_SITTING
1705,1_WALKING
1421,1_WALKING
3833,4_SITTING
5690,5_STANDING
1960,6_LAYING
1312,2_WALKING_UPSTAIRS
1977,6_LAYING
7233,6_LAYING
2064,5_STANDING
4737,4_SITTING
1933,4_SITTING
5797,1_WALKING
5909,4_SITTING
2662,3_WALKING_DOWNSTAIRS
7120,3_WALKING_DOWNSTAIRS
954,3_WALKING_DOWNSTAIRS
1072,6_LAYING
6603,2_WALKING_UPSTAIRS
4984,1_WALKING
6397,1_WALKING
6064,5_STANDING
1988,1_WALKING
3586,2_WALKING_UPSTAIRS
92,1_WALKING
5310,4_SITTING
1546,6_LAYING
512,2_WALKING_UPSTAIRS
3234,2_WALKING_UPSTAIRS
6108,4_SITTING
5030,3_WALKING_DOWNSTAIRS
2021,3_WALKING_DOWNSTAIRS
2007,1_WALKING
3891,6_LAYING
763,6_LAYING
6322,4_SITTING
4491,1_WALKING
6499,4_SITTING
5495,5_STANDING
6541,6_LAYING
1486,5_STANDING
3000,3_WALKING_DOWNSTAIRS
2546,5_STANDING
4576,4_SITTING
7230,6_LAYING
2266,4_SITTING
5078,5_STANDING
1799,4_SITTING
6274,5_STANDING
6707,6_LAYING
135,3_WALKING_DOWNSTAIRS
1454,2_WALKING_UPSTAIRS
1863,1_WALKING
3714,6_LAYING
268,1_WALKING
6955,2_WALKING_UPSTAIRS
4533,2_WALKING_UPSTAIRS
481,3_WALKING_DOWNSTAIRS
4015,4_SITTING
2040,2_WALKING_UPSTAIRS
2586,4_SITTING
1606,2_WALKING_UPSTAIRS
7155,3_WALKING_DOWNSTAIRS
6742,1_WALKING
5681,5_STANDING
6105,4_SITTING
6564,1_WALKING
3019,3_WALKING_DOWNSTAIRS
5851,3_WALKING_DOWNSTAIRS
4875,2_WALKING_UPSTAIRS
5455,2_WALKING_UPSTAIRS
3494,6_LAYING
7200,4_SITTING
2607,6_LAYING
4814,1_WALKING
7269,1_WALKING
5017,3_WALKING_DOWNSTAIRS
3462,4_SITTING
4502,3_WALKING_DOWNSTAIRS
4935,4_SITTING
2410,5_STANDING
1655,4_SITTING
666,2_WALKING_UPSTAIRS
6196,3_WALKING_DOWNSTAIRS
1511,4_SITTING
3344,6_LAYING
6704,6_LAYING
2750,4_SITTING
4484,1_WALKING
5932,4_SITTING
1042,4_SITTING
245,6_LAYING
6787,2_WALKING_UPSTAIRS
5633,3_WALKING_DOWNSTAIRS
2838,3_WALKING_DOWNSTAIRS
3008,3_WALKING_DOWNSTAIRS
5579,6_LAYING
2256,4_SITTING
2008,1_WALKING
4279,6_LAYING
2695,2_WALKING_UPSTAIRS
3753,3_WALKING_DOWNSTAIRS
4386,5_STANDING
6225,2_WALKING_UPSTAIRS
3902,6_LAYING
7245,6_LAYING
388,4_SITTING
6212,3_WALKING_DOWNSTAIRS
6574,1_WALKING
2954,6_LAYING
4916,4_SITTING
1702,1_WALKING
5080,5_STANDING
621,1_WALKING
5210,3_WALKING_DOWNSTAIRS
1028,4_SITTING
4246,4_SITTING
88,1_WALKING
6169,1_WALKING
1087,1_WALKING
3186,1_WALKING
1615,2_WALKING_UPSTAIRS
5524,4_SITTING
6107,4_SITTING
1326,5_STANDING
6057,5_STANDING
1692,1_WALKING
1565,1_WALKING
6730,1_WALKING
5512,5_STANDING
4972,6_LAYING
3741,1_WALKING
6867,6_LAYING
2821,1_WALKING
6683,4_SITTING
1291,2_WALKING_UPSTAIRS
3719,6_LAYING
5562,6_LAYING
3934,3_WALKING_DOWNSTAIRS
5442,3_WALKING_DOWNSTAIRS
2795,6_LAYING
5696,5_STANDING
13,5_STANDING
1654,4_SITTING
2169,3_WALKING_DOWNSTAIRS
3394,2_WALKING_UPSTAIRS
5886,5_STANDING
1539,6_LAYING
5600,1_WALKING
2700,2_WALKING_UPSTAIRS
3069,5_STANDING
4190,5_STANDING
6734,1_WALKING
904,6_LAYING
4601,6_LAYING
3641,5_STANDING
3506,6_LAYING
2196,2_WALKING_UPSTAIRS
2816,1_WALKING
5998,1_WALKING
5287,5_STANDING
5768,6_LAYING
3871,6_LAYING
3407,2_WALKING_UPSTAIRS
6800,5_STANDING
1270,3_WALKING_DOWNSTAIRS
5727,4_SITTING
3073,5_STANDING
5407,1_WALKING
3315,6_LAYING
1313,2_WALKING_UPSTAIRS
2404,5_STANDING
6527,6_LAYING
1246,1_WALKING
5202,1_WALKING
728,4_SITTING
7311,3_WALKING_DOWNSTAIRS
4569,4_SITTING
1081,1_WALKING
2636,1_WALKING
3673,4_SITTING
2257,4_SITTING
1992,1_WALKING
4244,4_SITTING
5916,4_SITTING
7025,4_SITTING
2649,1_WALKING
6487,4_SITTING
1435,3_WALKING_DOWNSTAIRS
4162,3_WALKING_DOWNSTAIRS
4043,4_SITTING
4188,5_STANDING
7139,2_WALKING_UPSTAIRS
5844,2_WALKING_UPSTAIRS
2843,3_WALKING_DOWNSTAIRS
1748,2_WALKING_UPSTAIRS
1303,2_WALKING_UPSTAIRS
4871,3_WALKING_DOWNSTAIRS
484,3_WALKING_DOWNSTAIRS
4944,4_SITTING
6547,6_LAYING
6142,6_LAYING
5606,1_WALKING
6705,6_LAYING
1698,1_WALKING
1250,1_WALKING
961,3_WALKING_DOWNSTAIRS
1294,2_WALKING_UPSTAIRS
5072,5_STANDING
6817,5_STANDING
2306,1_WALKING
1152,2_WALKING_UPSTAIRS
1123,3_WALKING_DOWNSTAIRS
2557,5_STANDING
3793,5_STANDING
1883,3_WALKING_DOWNSTAIRS
247,6_LAYING
2659,3_WALKING_DOWNSTAIRS
6770,3_WALKING_DOWNSTAIRS
4834,3_WALKING_DOWNSTAIRS
1198,4_SITTING
592,6_LAYING
3374,1_WALKING
5627,3_WALKING_DOWNSTAIRS
5897,5_STANDING
6084,5_STANDING
4347,2_WALKING_UPSTAIRS
3606,5_STANDING
3289,4_SITTING
1265,1_WALKING
192,5_STANDING
3725,1_WALKING
3239,5_STANDING
2561,5_STANDING
4622,6_LAYING
4840,2_WALKING_UPSTAIRS
3023,2_WALKING_UPSTAIRS
7251,6_LAYING
4130,3_WALKING_DOWNSTAIRS
5882,5_STANDING
2032,2_WALKING_UPSTAIRS
3847,4_SITTING
7333,2_WALKING_UPSTAIRS
5576,6_LAYING
2807,1_WALKING
2474,1_WALKING
3372,1_WALKING
6367,6_LAYING
5469,2_WALKING_UPSTAIRS
6285,5_STANDING
4961,6_LAYING
1792,4_SITTING
20,5_STANDING
237,6_LAYING
3504,6_LAYING
5083,5_STANDING
701,5_STANDING
4027,4_SITTING
4658,3_WALKING_DOWNSTAIRS
1199,4_SITTING
4730,4_SITTING
253,1_WALKING
4753,4_SITTING
6537,6_LAYING
2438,4_SITTING
4788,6_LAYING
807,3_WALKING_DOWNSTAIRS
454,1_WALKING
5320,4_SITTING
1889,2_WALKING_UPSTAIRS
6310,4_SITTING
2028,3_WALKING_DOWNSTAIRS
74,6_LAYING
6369,6_LAYING
1831,6_LAYING
18,5_STANDING
2558,5_STANDING
5942,6_LAYING
5504,5_STANDING
2450,6_LAYING
5212,3_WALKING_DOWNSTAIRS
6732,1_WALKING
6636,5_STANDING
3025,2_WALKING_UPSTAIRS
3338,6_LAYING
5458,2_WALKING_UPSTAIRS
6083,5_STANDING
5186,1_WALKING
3493,6_LAYING
33,4_SITTING
3979,5_STANDING
1334,5_STANDING
946,3_WALKING_DOWNSTAIRS
244,6_LAYING
5225,3_WALKING_DOWNSTAIRS
796,1_WALKING
4398,5_STANDING
2231,5_STANDING
1071,6_LAYING
1593,3_WALKING_DOWNSTAIRS
106,1_WALKING
2710,5_STANDING
4309,1_WALKING
4720,5_STANDING
5315,4_SITTING
1352,4_SITTING
4964,6_LAYING
531,5_STANDING
2292,6_LAYING
809,3_WALKING_DOWNSTAIRS
3622,5_STANDING
1800,4_SITTING
1086,1_WALKING
6018,3_WALKING_DOWNSTAIRS
6484,5_STANDING
3685,6_LAYING
6930,3_WALKING_DOWNSTAIRS
1443,3_WALKING_DOWNSTAIRS
7088,1_WALKING
3717,6_LAYING
6560,1_WALKING
3696,6_LAYING
2454,6_LAYING
5478,5_STANDING
1014,5_STANDING
4031,4_SITTING
5307,5_STANDING
4184,5_STANDING
1487,5_STANDING
2414,4_SITTING
6668,4_SITTING
3157,6_LAYING
6387,1_WALKING
4414,4_SITTING
4933,4_SITTING
4127,1_WALKING
6630,5_STANDING
5294,5_STANDING
2324,1_WALKING
5632,3_WALKING_DOWNSTAIRS
266,1_WALKING
5380,1_WALKING
3795,5_STANDING
6965,2_WALKING_UPSTAIRS
1525,6_LAYING
6886,6_LAYING
4761,4_SITTING
4377,5_STANDING
3460,5_STANDING
2232,5_STANDING
3368,1_WALKING
5860,2_WALKING_UPSTAIRS
2868,2_WALKING_UPSTAIRS
2357,2_WALKING_UPSTAIRS
5165,6_LAYING
2452,6_LAYING
4135,3_WALKING_DOWNSTAIRS
2580,4_SITTING
6774,2_WALKING_UPSTAIRS
6000,1_WALKING
2619,6_LAYING
3349,1_WALKING
6854,4_SITTING
270,1_WALKING
6447,2_WALKING_UPSTAIRS
2622,6_LAYING
3259,5_STANDING
1594,3_WALKING_DOWNSTAIRS
7005,4_SITTING
464,1_WALKING
2684,2_WALKING_UPSTAIRS
882,4_SITTING
2893,5_STANDING
79,1_WALKING
3852,4_SITTING
1030,4_SITTING
6248,5_STANDING
4780,6_LAYING
5211,3_WALKING_DOWNSTAIRS
3258,5_STANDING
3885,6_LAYING
3165,1_WALKING
7351,2_WALKING_UPSTAIRS
1900,2_WALKING_UPSTAIRS
997,5_STANDING
1321,5_STANDING
5390,1_WALKING
1495,5_STANDING
2351,3_WALKING_DOWNSTAIRS
2541,2_WALKING_UPSTAIRS
6592,3_WALKING_DOWNSTAIRS
2128,6_LAYING
4993,1_WALKING
2729,5_STANDING
1160,5_STANDING
109,1_WALKING
89,1_WALKING
1474,2_WALKING_UPSTAIRS
2485,1_WALKING
871,5_STANDING
115,1_WALKING
6259,5_STANDING
5274,5_STANDING
5833,2_WALKING_UPSTAIRS
6451,5_STANDING
4263,6_LAYING
2811,1_WALKING
6433,2_WALKING_UPSTAIRS
2268,4_SITTING
2956,6_LAYING
5388,1_WALKING
3363,1_WALKING
6626,5_STANDING
4624,6_LAYING
5327,4_SITTING
6621,2_WALKING_UPSTAIRS
7175,5_STANDING
233,4_SITTING
6413,2_WALKING_UPSTAIRS
2151,1_WALKING
2208,2_WALKING_UPSTAIRS
5672,5_STANDING
5042,2_WALKING_UPSTAIRS
4874,2_WALKING_UPSTAIRS
1527,6_LAYING
2374,2_WALKING_UPSTAIRS
2180,3_WALKING_DOWNSTAIRS
6875,6_LAYING
1239,1_WALKING
2500,3_WALKING_DOWNSTAIRS
6258,5_STANDING
3365,1_WALKING
5825,3_WALKING_DOWNSTAIRS
4867,3_WALKING_DOWNSTAIRS
4929,4_SITTING
3742,1_WALKING
2997,1_WALKING
298,3_WALKING_DOWNSTAIRS
3817,5_STANDING
4352,2_WALKING_UPSTAIRS
7211,4_SITTING
4477,1_WALKING
5786,1_WALKING
2444,6_LAYING
891,4_SITTING
4464,6_LAYING
6092,5_STANDING
403,4_SITTING
5420,3_WALKING_DOWNSTAIRS
4310,1_WALKING
7083,1_WALKING
339,3_WALKING_DOWNSTAIRS
3677,4_SITTING
4463,6_LAYING
1225,6_LAYING
6889,6_LAYING
1444,3_WALKING_DOWNSTAIRS
1217,6_LAYING
2595,4_SITTING
315,2_WALKING_UPSTAIRS
7001,4_SITTING
6029,2_WALKING_UPSTAIRS
5187,1_WALKING
3454,5_STANDING
3605,5_STANDING
5669,2_WALKING_UPSTAIRS
1267,3_WALKING_DOWNSTAIRS
3174,1_WALKING
1677,6_LAYING
